TIME CONSTANT OF THERMOCOUPLE/ THERMOMETER (Mode Low to High),,,
Time,Temperature,,Time (in seconds)
14:55:53,91,53753,0
14:55:53,91,53753,0
14:55:54,91,53754,1
14:55:54,91,53754,1
14:55:54,91,53754,1
14:55:54,91,53754,1
14:55:55,91,53755,2
14:55:55,91,53755,2
14:55:55,91,53755,2
14:55:56,91,53756,3
14:55:56,91,53756,3
14:55:56,91,53756,3
14:55:56,91,53756,3
14:55:57,91,53757,4
14:55:57,91,53757,4
14:55:57,91,53757,4
14:55:57,91,53757,4
14:55:58,91,53758,5
14:55:58,91,53758,5
14:55:58,91,53758,5
14:55:58,91,53758,5
14:55:59,91,53759,6
14:55:59,91,53759,6
14:55:59,91,53759,6
14:55:59,91,53759,6
14:56:00,91,53760,7
14:56:00,91,53760,7
14:56:00,91,53760,7
14:56:01,91,53761,8
14:56:01,91,53761,8
14:56:01,90,53761,8
14:56:01,90,53761,8
14:56:02,90,53762,9
14:56:02,90,53762,9
14:56:02,90,53762,9
14:56:02,90,53762,9
14:56:03,88,53763,10
14:56:03,88,53763,10
14:56:03,88,53763,10
14:56:03,88,53763,10
14:56:04,88,53764,11
14:56:04,88,53764,11
14:56:04,88,53764,11
14:56:04,88,53764,11
14:56:05,88,53765,12
14:56:05,88,53765,12
14:56:05,86,53765,12
14:56:05,86,53765,12
14:56:06,86,53766,13
14:56:06,86,53766,13
14:56:06,86,53766,13
14:56:06,86,53766,13
14:56:07,86,53767,14
14:56:07,86,53767,14
14:56:07,86,53767,14
14:56:08,86,53768,15
14:56:08,84,53768,15
14:56:08,84,53768,15
14:56:08,84,53768,15
14:56:09,84,53769,16
14:56:09,84,53769,16
14:56:09,82,53769,16
14:56:09,82,53769,16
14:56:10,82,53770,17
14:56:10,82,53770,17
14:56:10,82,53770,17
14:56:10,82,53770,17
14:56:11,80,53771,18
14:56:11,80,53771,18
14:56:11,80,53771,18
14:56:11,80,53771,18
14:56:12,80,53772,19
14:56:12,80,53772,19
14:56:12,80,53772,19
14:56:12,80,53772,19
14:56:13,80,53773,20
14:56:13,78,53773,20
14:56:13,78,53773,20
14:56:14,78,53774,21
14:56:14,78,53774,21
14:56:14,78,53774,21
14:56:14,78,53774,21
14:56:15,78,53775,22
14:56:15,76,53775,22
14:56:15,76,53775,22
14:56:15,76,53775,22
14:56:16,76,53776,23
14:56:16,76,53776,23
14:56:16,76,53776,23
14:56:16,76,53776,23
14:56:17,76,53777,24
14:56:17,74,53777,24
14:56:17,74,53777,24
14:56:17,74,53777,24
14:56:18,74,53778,25
14:56:18,74,53778,25
14:56:18,74,53778,25
14:56:18,74,53778,25
14:56:19,73,53779,26
14:56:19,73,53779,26
14:56:19,73,53779,26
14:56:19,73,53779,26
14:56:20,73,53780,27
14:56:20,71,53780,27
14:56:20,71,53780,27
14:56:21,71,53781,28
14:56:21,71,53781,28
14:56:21,71,53781,28
14:56:21,71,53781,28
14:56:22,71,53782,29
14:56:22,71,53782,29
14:56:22,71,53782,29
14:56:22,69,53782,29
14:56:23,69,53783,30
14:56:23,69,53783,30
14:56:23,69,53783,30
14:56:23,69,53783,30
14:56:24,69,53784,31
14:56:24,69,53784,31
14:56:24,69,53784,31
14:56:24,67,53784,31
14:56:25,67,53785,32
14:56:25,67,53785,32
14:56:25,67,53785,32
14:56:25,67,53785,32
14:56:26,67,53786,33
14:56:26,67,53786,33
14:56:26,67,53786,33
14:56:26,67,53786,33
14:56:27,67,53787,34
14:56:27,67,53787,34
14:56:27,65,53787,34
14:56:27,65,53787,34
14:56:28,65,53788,35
14:56:28,65,53788,35
14:56:28,65,53788,35
14:56:29,65,53789,36
14:56:29,65,53789,36
14:56:29,65,53789,36
14:56:29,65,53789,36
14:56:30,64,53790,37
14:56:30,64,53790,37
14:56:30,64,53790,37
14:56:30,64,53790,37
14:56:31,64,53791,38
14:56:31,64,53791,38
14:56:31,63,53791,38
14:56:31,63,53791,38
14:56:32,63,53792,39
14:56:32,63,53792,39
14:56:32,63,53792,39
14:56:32,62,53792,39
14:56:33,62,53793,40
14:56:33,62,53793,40
14:56:33,62,53793,40
14:56:33,62,53793,40
14:56:34,62,53794,41
14:56:34,62,53794,41
14:56:34,61,53794,41
14:56:34,61,53794,41
14:56:35,61,53795,42
14:56:35,61,53795,42
14:56:35,61,53795,42
14:56:36,61,53796,43
14:56:36,61,53796,43
14:56:36,59,53796,43
14:56:36,59,53796,43
14:56:37,59,53797,44
14:56:37,59,53797,44
14:56:37,59,53797,44
14:56:37,59,53797,44
14:56:38,59,53798,45
14:56:38,59,53798,45
14:56:38,59,53798,45
14:56:38,59,53798,45
14:56:39,59,53799,46
14:56:39,58,53799,46
14:56:39,58,53799,46
14:56:39,58,53799,46
14:56:40,58,53800,47
14:56:40,58,53800,47
14:56:40,58,53800,47
14:56:40,58,53800,47
14:56:41,57,53801,48
14:56:41,57,53801,48
14:56:41,57,53801,48
14:56:41,57,53801,48
14:56:42,57,53802,49
14:56:42,57,53802,49
14:56:42,56,53802,49
14:56:42,56,53802,49
14:56:43,56,53803,50
14:56:43,56,53803,50
14:56:43,56,53803,50
14:56:44,56,53804,51
14:56:44,56,53804,51
14:56:44,56,53804,51
14:56:44,55,53804,51
14:56:45,55,53805,52
14:56:45,55,53805,52
14:56:45,55,53805,52
14:56:45,55,53805,52
14:56:46,55,53806,53
14:56:46,55,53806,53
14:56:46,54,53806,53
14:56:46,54,53806,53
14:56:47,54,53807,54
14:56:47,54,53807,54
14:56:47,54,53807,54
14:56:47,54,53807,54
14:56:48,54,53808,55
14:56:48,54,53808,55
14:56:48,54,53808,55
14:56:48,53,53808,55
14:56:49,53,53809,56
14:56:49,53,53809,56
14:56:49,53,53809,56
14:56:50,53,53810,57
14:56:50,53,53810,57
14:56:50,53,53810,57
14:56:50,53,53810,57
14:56:51,52,53811,58
14:56:51,52,53811,58
14:56:51,52,53811,58
14:56:51,52,53811,58
14:56:52,52,53812,59
14:56:52,52,53812,59
14:56:52,52,53812,59
14:56:52,52,53812,59
14:56:53,52,53813,60
14:56:53,50,53813,60
14:56:53,50,53813,60
14:56:53,50,53813,60
14:56:54,50,53814,61
14:56:54,50,53814,61
14:56:54,50,53814,61
14:56:54,50,53814,61
14:56:55,50,53815,62
14:56:55,50,53815,62
14:56:55,50,53815,62
14:56:55,50,53815,62
14:56:56,50,53816,63
14:56:56,50,53816,63
14:56:56,50,53816,63
14:56:56,50,53816,63
14:56:57,50,53817,64
14:56:57,50,53817,64
14:56:57,50,53817,64
14:56:58,50,53818,65
14:56:58,50,53818,65
14:56:58,49,53818,65
14:56:58,49,53818,65
14:56:59,49,53819,66
14:56:59,49,53819,66
14:56:59,49,53819,66
14:56:59,49,53819,66
14:57:00,49,53820,67
14:57:00,49,53820,67
14:57:00,49,53820,67
14:57:00,48,53820,67
14:57:01,48,53821,68
14:57:01,48,53821,68
14:57:01,48,53821,68
14:57:01,48,53821,68
14:57:02,48,53822,69
14:57:02,48,53822,69
14:57:02,48,53822,69
14:57:02,48,53822,69
14:57:03,48,53823,70
14:57:03,47,53823,70
14:57:03,47,53823,70
14:57:04,47,53824,71
14:57:04,47,53824,71
14:57:04,47,53824,71
14:57:04,47,53824,71
14:57:05,47,53825,72
14:57:05,47,53825,72
14:57:05,47,53825,72
14:57:05,47,53825,72
14:57:06,47,53826,73
14:57:06,46,53826,73
14:57:06,46,53826,73
14:57:06,46,53826,73
14:57:07,46,53827,74
14:57:07,46,53827,74
14:57:07,46,53827,74
14:57:07,46,53827,74
14:57:08,46,53828,75
14:57:08,46,53828,75
14:57:08,46,53828,75
14:57:08,46,53828,75
14:57:09,46,53829,76
14:57:09,46,53829,76
14:57:09,46,53829,76
14:57:09,46,53829,76
14:57:10,46,53830,77
14:57:10,46,53830,77
14:57:10,44,53830,77
14:57:11,44,53831,78
14:57:11,44,53831,78
14:57:11,44,53831,78
14:57:11,44,53831,78
14:57:12,45,53832,79
14:57:12,45,53832,79
14:57:12,45,53832,79
14:57:12,45,53832,79
14:57:13,45,53833,80
14:57:13,45,53833,80
14:57:13,45,53833,80
14:57:13,45,53833,80
14:57:14,44,53834,81
14:57:14,44,53834,81
14:57:14,44,53834,81
14:57:14,44,53834,81
14:57:15,44,53835,82
14:57:15,44,53835,82
14:57:15,44,53835,82
14:57:15,44,53835,82
14:57:16,44,53836,83
14:57:16,44,53836,83
14:57:16,44,53836,83
14:57:16,44,53836,83
14:57:17,44,53837,84
14:57:17,44,53837,84
14:57:17,44,53837,84
14:57:18,44,53838,85
14:57:18,44,53838,85
14:57:18,43,53838,85
14:57:18,43,53838,85
14:57:19,43,53839,86
14:57:19,43,53839,86
14:57:19,43,53839,86
14:57:19,43,53839,86
14:57:20,43,53840,87
14:57:20,43,53840,87
14:57:20,43,53840,87
14:57:20,43,53840,87
14:57:21,43,53841,88
14:57:21,43,53841,88
14:57:21,43,53841,88
14:57:21,43,53841,88
14:57:22,43,53842,89
14:57:22,43,53842,89
14:57:22,43,53842,89
14:57:22,43,53842,89
14:57:23,43,53843,90
14:57:23,43,53843,90
14:57:23,43,53843,90
14:57:23,42,53843,90
14:57:24,42,53844,91
14:57:24,42,53844,91
14:57:24,42,53844,91
14:57:25,42,53845,92
14:57:25,42,53845,92
14:57:25,42,53845,92
14:57:25,42,53845,92
14:57:26,42,53846,93
14:57:26,42,53846,93
14:57:26,42,53846,93
14:57:26,42,53846,93
14:57:27,42,53847,94
14:57:27,42,53847,94
14:57:27,42,53847,94
14:57:27,42,53847,94
14:57:28,42,53848,95
14:57:28,42,53848,95
14:57:28,42,53848,95
14:57:28,42,53848,95
14:57:29,42,53849,96
14:57:29,42,53849,96
14:57:29,42,53849,96
14:57:29,41,53849,96
14:57:30,41,53850,97
14:57:30,41,53850,97
14:57:30,41,53850,97
14:57:31,41,53851,98
14:57:31,41,53851,98
14:57:31,41,53851,98
14:57:31,41,53851,98
14:57:32,41,53852,99
14:57:32,41,53852,99
14:57:32,41,53852,99
14:57:32,41,53852,99
14:57:33,41,53853,100
14:57:33,41,53853,100
14:57:33,41,53853,100
14:57:33,41,53853,100
14:57:34,41,53854,101
14:57:34,41,53854,101
14:57:34,41,53854,101
14:57:34,41,53854,101
14:57:35,41,53855,102
14:57:35,41,53855,102
14:57:35,41,53855,102
14:57:35,41,53855,102
14:57:36,40,53856,103
14:57:36,40,53856,103
14:57:36,40,53856,103
14:57:36,40,53856,103
14:57:37,40,53857,104
14:57:37,40,53857,104
14:57:37,40,53857,104
14:57:37,40,53857,104
14:57:38,40,53858,105
14:57:38,40,53858,105
14:57:38,40,53858,105
14:57:39,40,53859,106
14:57:39,40,53859,106
14:57:39,40,53859,106
14:57:39,40,53859,106
14:57:40,40,53860,107
14:57:40,40,53860,107
14:57:40,40,53860,107
14:57:40,40,53860,107
14:57:41,40,53861,108
14:57:41,40,53861,108
14:57:41,40,53861,108
14:57:41,40,53861,108
14:57:42,40,53862,109
14:57:42,40,53862,109
14:57:42,39,53862,109
14:57:42,39,53862,109
14:57:43,39,53863,110
14:57:43,39,53863,110
14:57:43,39,53863,110
14:57:43,39,53863,110
14:57:44,39,53864,111
14:57:44,39,53864,111
14:57:44,39,53864,111
14:57:44,39,53864,111
14:57:45,39,53865,112
14:57:45,39,53865,112
14:57:45,39,53865,112
14:57:45,39,53865,112
14:57:46,39,53866,113
14:57:46,39,53866,113
14:57:46,39,53866,113
14:57:46,39,53866,113
14:57:47,39,53867,114
14:57:47,39,53867,114
14:57:47,39,53867,114
14:57:48,39,53868,115
14:57:48,39,53868,115
14:57:48,39,53868,115
14:57:48,39,53868,115
14:57:49,39,53869,116
14:57:49,39,53869,116
14:57:49,39,53869,116
14:57:49,39,53869,116
14:57:50,39,53870,117
14:57:50,39,53870,117
14:57:50,39,53870,117
14:57:50,38,53870,117
14:57:51,38,53871,118
14:57:51,38,53871,118
14:57:51,38,53871,118
14:57:51,38,53871,118
14:57:52,39,53872,119
14:57:52,39,53872,119
14:57:52,39,53872,119
14:57:52,39,53872,119
14:57:53,39,53873,120
14:57:53,39,53873,120
14:57:53,39,53873,120
14:57:53,39,53873,120
14:57:54,39,53874,121
14:57:54,39,53874,121
14:57:54,39,53874,121
14:57:55,38,53875,122
14:57:55,38,53875,122
14:57:55,38,53875,122
14:57:55,38,53875,122
14:57:56,38,53876,123
14:57:56,38,53876,123
14:57:56,38,53876,123
14:57:56,38,53876,123
14:57:57,38,53877,124
14:57:57,38,53877,124
14:57:57,38,53877,124
14:57:57,38,53877,124
14:57:58,38,53878,125
14:57:58,38,53878,125
14:57:58,38,53878,125
14:57:58,38,53878,125
14:57:59,38,53879,126
14:57:59,38,53879,126
14:57:59,38,53879,126
14:57:59,38,53879,126
14:58:00,38,53880,127
14:58:00,38,53880,127
14:58:00,38,53880,127
14:58:00,38,53880,127
14:58:01,38,53881,128
14:58:01,38,53881,128
14:58:01,38,53881,128
14:58:02,38,53882,129
14:58:02,38,53882,129
14:58:02,38,53882,129
14:58:02,38,53882,129
14:58:03,38,53883,130
14:58:03,38,53883,130
14:58:03,38,53883,130
14:58:03,38,53883,130
14:58:04,38,53884,131
14:58:04,38,53884,131
14:58:04,38,53884,131
14:58:04,38,53884,131
14:58:05,38,53885,132
14:58:05,38,53885,132
14:58:05,38,53885,132
14:58:05,38,53885,132
14:58:06,38,53886,133
14:58:06,38,53886,133
14:58:06,38,53886,133
14:58:06,37,53886,133
14:58:07,37,53887,134
14:58:07,37,53887,134
14:58:07,37,53887,134
14:58:07,37,53887,134
14:58:08,37,53888,135
14:58:08,37,53888,135
14:58:08,37,53888,135
14:58:08,37,53888,135
14:58:09,37,53889,136
14:58:09,37,53889,136
14:58:09,37,53889,136
14:58:10,37,53890,137
14:58:10,37,53890,137
14:58:10,37,53890,137
14:58:10,37,53890,137
14:58:11,37,53891,138
14:58:11,37,53891,138
14:58:11,37,53891,138
14:58:11,37,53891,138
14:58:12,37,53892,139
14:58:12,37,53892,139
14:58:12,37,53892,139
14:58:12,37,53892,139
14:58:13,37,53893,140
14:58:13,37,53893,140
14:58:13,37,53893,140
14:58:13,37,53893,140
14:58:14,37,53894,141
14:58:14,37,53894,141
14:58:14,37,53894,141
14:58:14,37,53894,141
14:58:15,37,53895,142
14:58:15,37,53895,142
14:58:15,37,53895,142
14:58:15,37,53895,142
14:58:16,37,53896,143
14:58:16,37,53896,143
14:58:16,37,53896,143
14:58:16,37,53896,143
14:58:17,37,53897,144
14:58:17,37,53897,144
14:58:17,37,53897,144
14:58:18,37,53898,145
14:58:18,37,53898,145
14:58:18,37,53898,145
14:58:18,37,53898,145
14:58:19,37,53899,146
14:58:19,37,53899,146
14:58:19,37,53899,146
14:58:19,37,53899,146
14:58:20,37,53900,147
14:58:20,37,53900,147
14:58:20,37,53900,147
14:58:20,37,53900,147
14:58:21,37,53901,148
14:58:21,37,53901,148
14:58:21,37,53901,148
14:58:21,37,53901,148
14:58:22,37,53902,149
14:58:22,37,53902,149
14:58:22,37,53902,149
14:58:22,37,53902,149
14:58:23,37,53903,150
14:58:23,37,53903,150
14:58:23,37,53903,150
14:58:24,37,53904,151
14:58:24,37,53904,151
14:58:24,37,53904,151
14:58:24,37,53904,151
14:58:25,37,53905,152
14:58:25,37,53905,152
14:58:25,37,53905,152
14:58:25,37,53905,152
14:58:26,37,53906,153
14:58:26,37,53906,153
14:58:26,37,53906,153
14:58:26,37,53906,153
14:58:27,37,53907,154
14:58:27,36,53907,154
14:58:27,36,53907,154
14:58:27,36,53907,154
14:58:28,36,53908,155
14:58:28,36,53908,155
14:58:28,36,53908,155
14:58:28,36,53908,155
14:58:29,36,53909,156
14:58:29,36,53909,156
14:58:29,36,53909,156
14:58:30,36,53910,157
14:58:30,36,53910,157
14:58:30,36,53910,157
14:58:30,36,53910,157
14:58:31,36,53911,158
14:58:31,36,53911,158
14:58:31,36,53911,158
14:58:31,36,53911,158
14:58:32,36,53912,159
14:58:32,36,53912,159
14:58:32,36,53912,159
14:58:32,36,53912,159
14:58:33,36,53913,160
14:58:33,36,53913,160
14:58:33,36,53913,160
14:58:33,36,53913,160
14:58:34,36,53914,161
14:58:34,36,53914,161
14:58:34,36,53914,161
14:58:34,36,53914,161
14:58:35,36,53915,162
14:58:35,36,53915,162
14:58:35,36,53915,162
14:58:35,36,53915,162
14:58:36,36,53916,163
14:58:36,36,53916,163
14:58:36,36,53916,163
14:58:37,36,53917,164
14:58:37,36,53917,164
14:58:37,36,53917,164
14:58:37,36,53917,164
14:58:38,36,53918,165
14:58:38,36,53918,165
14:58:38,36,53918,165
14:58:38,36,53918,165
14:58:39,36,53919,166
14:58:39,36,53919,166
14:58:39,36,53919,166
14:58:39,36,53919,166
14:58:40,36,53920,167
14:58:40,36,53920,167
14:58:40,36,53920,167
14:58:40,36,53920,167
14:58:41,36,53921,168
14:58:41,36,53921,168
14:58:41,36,53921,168
14:58:41,36,53921,168
14:58:42,36,53922,169
14:58:42,36,53922,169
14:58:42,36,53922,169
14:58:42,36,53922,169
14:58:43,36,53923,170
14:58:43,36,53923,170
14:58:43,36,53923,170
14:58:44,36,53924,171
14:58:44,36,53924,171
14:58:44,36,53924,171
14:58:44,36,53924,171
14:58:45,36,53925,172
14:58:45,36,53925,172
14:58:45,36,53925,172
14:58:45,36,53925,172
14:58:46,36,53926,173
14:58:46,36,53926,173
14:58:46,36,53926,173
14:58:46,36,53926,173
14:58:47,36,53927,174
14:58:47,36,53927,174
14:58:47,36,53927,174
14:58:47,36,53927,174
14:58:48,36,53928,175
14:58:48,36,53928,175
14:58:48,36,53928,175
14:58:48,36,53928,175
14:58:49,36,53929,176
14:58:49,36,53929,176
14:58:49,36,53929,176
14:58:49,36,53929,176
14:58:50,36,53930,177
14:58:50,36,53930,177
14:58:50,36,53930,177
14:58:50,36,53930,177
14:58:51,36,53931,178
14:58:51,36,53931,178
14:58:51,36,53931,178
14:58:52,36,53932,179
14:58:52,36,53932,179
14:58:52,36,53932,179
14:58:52,36,53932,179
14:58:53,36,53933,180
14:58:53,36,53933,180
14:58:53,36,53933,180
14:58:53,36,53933,180
14:58:54,36,53934,181
14:58:54,36,53934,181
14:58:54,36,53934,181
14:58:54,36,53934,181
14:58:55,36,53935,182
14:58:55,36,53935,182
14:58:55,35,53935,182
14:58:55,35,53935,182
14:58:56,35,53936,183
14:58:56,35,53936,183
14:58:56,35,53936,183
14:58:56,35,53936,183
14:58:57,35,53937,184
14:58:57,35,53937,184
14:58:57,35,53937,184
14:58:58,35,53938,185
14:58:58,35,53938,185
14:58:58,35,53938,185
14:58:58,35,53938,185
14:58:59,35,53939,186
14:58:59,35,53939,186
14:58:59,35,53939,186
14:58:59,35,53939,186
14:59:00,35,53940,187
14:59:00,35,53940,187
14:59:00,35,53940,187
14:59:00,35,53940,187
14:59:01,35,53941,188
14:59:01,35,53941,188
14:59:01,35,53941,188
14:59:01,35,53941,188
14:59:02,35,53942,189
14:59:02,35,53942,189
14:59:02,35,53942,189
14:59:02,35,53942,189
14:59:03,35,53943,190
14:59:03,35,53943,190
14:59:03,35,53943,190
14:59:04,35,53944,191
14:59:04,35,53944,191
14:59:04,35,53944,191
14:59:04,35,53944,191
14:59:05,35,53945,192
14:59:05,35,53945,192
14:59:05,35,53945,192
14:59:05,35,53945,192
14:59:06,35,53946,193
14:59:06,35,53946,193
14:59:06,35,53946,193
14:59:06,35,53946,193
14:59:07,35,53947,194
14:59:07,35,53947,194
14:59:07,35,53947,194
14:59:07,35,53947,194
14:59:08,35,53948,195
14:59:08,35,53948,195
14:59:08,35,53948,195
14:59:08,35,53948,195
14:59:09,35,53949,196
14:59:09,35,53949,196
14:59:09,35,53949,196
14:59:09,35,53949,196
14:59:10,35,53950,197
14:59:10,35,53950,197
14:59:10,35,53950,197
14:59:11,35,53951,198
14:59:11,35,53951,198
14:59:11,35,53951,198
14:59:11,35,53951,198
14:59:12,35,53952,199
14:59:12,35,53952,199
14:59:12,35,53952,199
14:59:12,35,53952,199
14:59:13,35,53953,200
14:59:13,35,53953,200
14:59:13,35,53953,200
14:59:13,35,53953,200
14:59:14,35,53954,201
14:59:14,35,53954,201
14:59:14,35,53954,201
14:59:14,35,53954,201
14:59:15,35,53955,202
14:59:15,35,53955,202
14:59:15,35,53955,202
14:59:15,35,53955,202
14:59:16,35,53956,203
14:59:16,35,53956,203
14:59:16,35,53956,203
14:59:16,35,53956,203
14:59:17,35,53957,204
14:59:17,35,53957,204
14:59:17,35,53957,204
14:59:18,35,53958,205
14:59:18,35,53958,205
14:59:18,35,53958,205
14:59:18,35,53958,205
14:59:19,35,53959,206
14:59:19,35,53959,206
14:59:19,35,53959,206
14:59:19,35,53959,206
14:59:20,35,53960,207
14:59:20,35,53960,207
14:59:20,35,53960,207
14:59:20,35,53960,207
14:59:21,35,53961,208
14:59:21,35,53961,208
14:59:21,35,53961,208
14:59:21,35,53961,208
14:59:22,35,53962,209
14:59:22,35,53962,209
14:59:22,35,53962,209
14:59:22,35,53962,209
14:59:23,35,53963,210
14:59:23,35,53963,210
14:59:23,35,53963,210
14:59:24,35,53964,211
14:59:24,35,53964,211
14:59:24,35,53964,211
14:59:24,35,53964,211
14:59:25,35,53965,212
14:59:25,35,53965,212
14:59:25,35,53965,212
14:59:25,35,53965,212
14:59:26,35,53966,213
14:59:26,35,53966,213
14:59:26,35,53966,213
14:59:26,35,53966,213
14:59:27,35,53967,214
14:59:27,35,53967,214
14:59:27,35,53967,214
14:59:27,35,53967,214
14:59:28,35,53968,215
14:59:28,35,53968,215
14:59:28,35,53968,215
14:59:28,35,53968,215
14:59:29,35,53969,216
14:59:29,35,53969,216
14:59:29,35,53969,216
14:59:29,35,53969,216
14:59:30,35,53970,217
14:59:30,35,53970,217
14:59:30,35,53970,217
14:59:31,35,53971,218
14:59:31,35,53971,218
14:59:31,35,53971,218
14:59:31,35,53971,218
14:59:32,35,53972,219
14:59:32,35,53972,219
14:59:32,35,53972,219
14:59:32,35,53972,219
14:59:33,35,53973,220
14:59:33,35,53973,220
14:59:33,35,53973,220
14:59:33,35,53973,220
14:59:34,35,53974,221
14:59:34,35,53974,221
14:59:34,35,53974,221
14:59:34,35,53974,221
14:59:35,35,53975,222
14:59:35,35,53975,222
14:59:35,35,53975,222
14:59:35,35,53975,222
14:59:36,35,53976,223
14:59:36,35,53976,223
14:59:36,35,53976,223
14:59:36,35,53976,223
14:59:37,35,53977,224
14:59:37,35,53977,224
14:59:37,35,53977,224
14:59:38,35,53978,225
14:59:38,35,53978,225
14:59:38,35,53978,225
14:59:38,35,53978,225
14:59:39,35,53979,226
14:59:39,35,53979,226
14:59:39,35,53979,226
14:59:39,35,53979,226
14:59:40,35,53980,227
14:59:40,35,53980,227
14:59:40,35,53980,227
14:59:40,35,53980,227
14:59:41,35,53981,228
14:59:41,35,53981,228
14:59:41,35,53981,228
14:59:41,35,53981,228
14:59:42,35,53982,229
14:59:42,35,53982,229
14:59:42,35,53982,229
14:59:43,35,53983,230
14:59:43,35,53983,230
14:59:43,35,53983,230
14:59:43,35,53983,230
14:59:44,35,53984,231
14:59:44,35,53984,231
14:59:44,35,53984,231
14:59:44,35,53984,231
14:59:45,35,53985,232
14:59:45,35,53985,232
14:59:45,35,53985,232
14:59:45,35,53985,232
14:59:46,35,53986,233
14:59:46,35,53986,233
14:59:46,35,53986,233
14:59:46,35,53986,233
14:59:47,35,53987,234
14:59:47,35,53987,234
14:59:47,35,53987,234
14:59:47,35,53987,234
14:59:48,35,53988,235
14:59:48,35,53988,235
14:59:48,35,53988,235
14:59:49,35,53989,236
14:59:49,35,53989,236
14:59:49,35,53989,236
14:59:49,35,53989,236
14:59:50,35,53990,237
14:59:50,35,53990,237
14:59:50,35,53990,237
14:59:50,35,53990,237
14:59:51,35,53991,238
14:59:51,35,53991,238
14:59:51,35,53991,238
14:59:51,35,53991,238
14:59:52,35,53992,239
14:59:52,35,53992,239
14:59:52,35,53992,239
14:59:52,35,53992,239
14:59:53,35,53993,240
14:59:53,35,53993,240
14:59:53,35,53993,240
14:59:53,35,53993,240
14:59:54,35,53994,241
14:59:54,35,53994,241
14:59:54,35,53994,241
14:59:54,35,53994,241
14:59:55,35,53995,242
14:59:55,35,53995,242
14:59:55,35,53995,242
14:59:55,35,53995,242
14:59:56,35,53996,243
14:59:56,35,53996,243
14:59:56,35,53996,243
14:59:56,35,53996,243
14:59:57,35,53997,244
14:59:57,35,53997,244
14:59:57,35,53997,244
14:59:58,35,53998,245
14:59:58,35,53998,245
14:59:58,35,53998,245
14:59:58,35,53998,245
14:59:59,35,53999,246
14:59:59,35,53999,246
14:59:59,35,53999,246
14:59:59,35,53999,246
15:00:00,35,54000,247
15:00:00,35,54000,247
15:00:00,35,54000,247
15:00:00,35,54000,247
15:00:01,35,54001,248
15:00:01,35,54001,248
15:00:01,35,54001,248
15:00:01,35,54001,248
15:00:02,35,54002,249
15:00:02,35,54002,249
15:00:02,35,54002,249
15:00:02,35,54002,249
15:00:03,35,54003,250
15:00:03,35,54003,250
15:00:03,35,54003,250
15:00:04,35,54004,251
15:00:04,35,54004,251
15:00:04,35,54004,251
15:00:04,35,54004,251
15:00:05,35,54005,252
15:00:05,35,54005,252
15:00:05,35,54005,252
15:00:05,35,54005,252
15:00:06,35,54006,253
15:00:06,35,54006,253
15:00:06,35,54006,253
15:00:06,35,54006,253
15:00:07,35,54007,254
15:00:07,35,54007,254
15:00:07,35,54007,254
15:00:07,35,54007,254
15:00:08,35,54008,255
15:00:08,35,54008,255
15:00:08,35,54008,255
15:00:08,35,54008,255
15:00:09,35,54009,256
15:00:09,35,54009,256
15:00:09,35,54009,256
15:00:09,35,54009,256
15:00:10,35,54010,257
15:00:10,35,54010,257
15:00:10,35,54010,257
15:00:11,35,54011,258
15:00:11,35,54011,258
15:00:11,35,54011,258
15:00:11,35,54011,258
15:00:12,35,54012,259
15:00:12,35,54012,259
15:00:12,35,54012,259
15:00:12,35,54012,259
15:00:13,35,54013,260
15:00:13,35,54013,260
15:00:13,35,54013,260
15:00:13,34,54013,260
15:00:14,34,54014,261
15:00:14,34,54014,261
15:00:14,34,54014,261
15:00:14,34,54014,261
15:00:15,34,54015,262
15:00:15,34,54015,262
15:00:15,34,54015,262
15:00:15,34,54015,262
15:00:16,34,54016,263
15:00:16,34,54016,263
15:00:16,34,54016,263
15:00:17,34,54017,264
15:00:17,34,54017,264
15:00:17,34,54017,264
15:00:17,34,54017,264
15:00:18,34,54018,265
15:00:18,34,54018,265
15:00:18,34,54018,265
15:00:18,34,54018,265
15:00:19,34,54019,266
15:00:19,34,54019,266
15:00:19,34,54019,266
15:00:19,34,54019,266
15:00:20,34,54020,267
15:00:20,34,54020,267
15:00:20,34,54020,267
15:00:20,34,54020,267
15:00:21,34,54021,268
15:00:21,34,54021,268
15:00:21,34,54021,268
15:00:21,34,54021,268
15:00:22,34,54022,269
15:00:22,34,54022,269
15:00:22,34,54022,269
15:00:23,34,54023,270
15:00:23,34,54023,270
15:00:23,34,54023,270
15:00:23,34,54023,270
15:00:24,34,54024,271
15:00:24,34,54024,271
15:00:24,34,54024,271
15:00:24,34,54024,271
15:00:25,34,54025,272
15:00:25,34,54025,272
15:00:25,34,54025,272
15:00:25,34,54025,272
15:00:26,34,54026,273
15:00:26,34,54026,273
15:00:26,34,54026,273
15:00:26,34,54026,273
15:00:27,34,54027,274
15:00:27,34,54027,274
15:00:27,34,54027,274
15:00:27,34,54027,274
15:00:28,34,54028,275
15:00:28,34,54028,275
15:00:28,34,54028,275
15:00:28,34,54028,275
15:00:29,34,54029,276
15:00:29,34,54029,276
15:00:29,34,54029,276
15:00:30,34,54030,277
15:00:30,34,54030,277
15:00:30,34,54030,277
15:00:30,34,54030,277
15:00:31,34,54031,278
15:00:31,34,54031,278
15:00:31,34,54031,278
15:00:31,34,54031,278
15:00:32,34,54032,279
15:00:32,34,54032,279
15:00:32,34,54032,279
15:00:32,34,54032,279
15:00:33,34,54033,280
15:00:33,34,54033,280
15:00:33,34,54033,280
15:00:33,34,54033,280
15:00:34,34,54034,281
15:00:34,34,54034,281
15:00:34,34,54034,281
15:00:34,34,54034,281
15:00:35,34,54035,282
15:00:35,34,54035,282
15:00:35,34,54035,282
15:00:36,34,54036,283
15:00:36,34,54036,283
15:00:36,34,54036,283
15:00:36,34,54036,283
15:00:37,34,54037,284
15:00:37,34,54037,284
15:00:37,34,54037,284
15:00:37,34,54037,284
15:00:38,34,54038,285
15:00:38,34,54038,285
15:00:38,34,54038,285
15:00:38,34,54038,285
15:00:39,34,54039,286
15:00:39,34,54039,286
15:00:39,34,54039,286
15:00:39,34,54039,286
15:00:40,34,54040,287
15:00:40,34,54040,287
15:00:40,34,54040,287
15:00:40,34,54040,287
15:00:41,34,54041,288
15:00:41,34,54041,288
15:00:41,34,54041,288
15:00:41,34,54041,288
15:00:42,34,54042,289
15:00:42,34,54042,289
15:00:42,34,54042,289
15:00:43,34,54043,290
15:00:43,34,54043,290
15:00:43,34,54043,290
15:00:43,34,54043,290
15:00:44,34,54044,291
15:00:44,34,54044,291
15:00:44,34,54044,291
15:00:44,34,54044,291
15:00:45,34,54045,292
15:00:45,34,54045,292
15:00:45,34,54045,292
15:00:45,34,54045,292
15:00:46,34,54046,293
15:00:46,34,54046,293
15:00:46,34,54046,293
15:00:46,34,54046,293
15:00:47,34,54047,294
15:00:47,34,54047,294
15:00:47,34,54047,294
15:00:48,34,54048,295
15:00:48,34,54048,295
15:00:48,34,54048,295
15:00:48,34,54048,295
15:00:49,34,54049,296
15:00:49,34,54049,296
15:00:49,34,54049,296
15:00:49,34,54049,296
15:00:50,34,54050,297
15:00:50,34,54050,297
15:00:50,34,54050,297
15:00:50,34,54050,297
15:00:51,34,54051,298
15:00:51,34,54051,298
15:00:51,34,54051,298
15:00:51,34,54051,298
15:00:52,34,54052,299
15:00:52,34,54052,299
15:00:52,34,54052,299
15:00:52,34,54052,299
15:00:53,34,54053,300
15:00:53,34,54053,300
15:00:53,34,54053,300
15:00:53,34,54053,300
15:00:54,34,54054,301
15:00:54,34,54054,301
15:00:54,34,54054,301
15:00:54,34,54054,301
15:00:55,34,54055,302
15:00:55,34,54055,302
15:00:55,34,54055,302
15:00:56,34,54056,303
15:00:56,34,54056,303
15:00:56,34,54056,303
15:00:56,34,54056,303
15:00:57,34,54057,304
15:00:57,34,54057,304
15:00:57,34,54057,304
15:00:57,34,54057,304
15:00:58,34,54058,305
15:00:58,34,54058,305
15:00:58,34,54058,305
15:00:58,34,54058,305
15:00:59,34,54059,306
15:00:59,34,54059,306
15:00:59,34,54059,306
15:00:59,34,54059,306
15:01:00,34,54060,307
15:01:00,34,54060,307
15:01:00,34,54060,307
15:01:00,34,54060,307
15:01:01,34,54061,308
15:01:01,34,54061,308
15:01:01,34,54061,308
15:01:01,34,54061,308
15:01:02,34,54062,309
15:01:02,34,54062,309
15:01:02,34,54062,309
15:01:03,34,54063,310
15:01:03,34,54063,310
15:01:03,34,54063,310
15:01:03,34,54063,310
15:01:04,34,54064,311
15:01:04,34,54064,311
15:01:04,34,54064,311
15:01:04,34,54064,311
15:01:05,34,54065,312
15:01:05,34,54065,312
15:01:05,34,54065,312
15:01:05,34,54065,312
15:01:06,34,54066,313
15:01:06,34,54066,313
15:01:06,34,54066,313
15:01:06,34,54066,313
15:01:07,34,54067,314
15:01:07,34,54067,314
15:01:07,34,54067,314
15:01:07,34,54067,314
15:01:08,34,54068,315
15:01:08,34,54068,315
15:01:08,34,54068,315
15:01:08,34,54068,315
15:01:09,34,54069,316
15:01:09,34,54069,316
15:01:09,34,54069,316
15:01:10,34,54070,317
15:01:10,34,54070,317
15:01:10,34,54070,317
15:01:10,34,54070,317
15:01:11,34,54071,318
15:01:11,34,54071,318
15:01:11,34,54071,318
15:01:11,34,54071,318
15:01:12,34,54072,319
15:01:12,34,54072,319
15:01:12,34,54072,319
15:01:12,34,54072,319
15:01:13,34,54073,320
15:01:13,34,54073,320
15:01:13,34,54073,320
15:01:13,34,54073,320
15:01:14,34,54074,321
15:01:14,34,54074,321
15:01:14,34,54074,321
15:01:14,34,54074,321
15:01:15,34,54075,322
15:01:15,34,54075,322
15:01:15,34,54075,322
15:01:15,34,54075,322
15:01:16,34,54076,323
15:01:16,34,54076,323
15:01:16,34,54076,323
15:01:17,34,54077,324
15:01:17,34,54077,324
15:01:17,34,54077,324
15:01:17,34,54077,324
15:01:18,34,54078,325
15:01:18,34,54078,325
15:01:18,34,54078,325
15:01:18,34,54078,325
15:01:19,34,54079,326
15:01:19,34,54079,326
15:01:19,34,54079,326
15:01:19,34,54079,326
15:01:20,34,54080,327
15:01:20,34,54080,327
15:01:20,34,54080,327
15:01:20,34,54080,327
15:01:21,34,54081,328
15:01:21,34,54081,328
15:01:21,34,54081,328
15:01:21,34,54081,328
15:01:22,34,54082,329
15:01:22,34,54082,329
15:01:22,34,54082,329
15:01:22,34,54082,329
15:01:23,34,54083,330
15:01:23,34,54083,330
15:01:23,34,54083,330
15:01:24,34,54084,331
15:01:24,34,54084,331
15:01:24,34,54084,331
15:01:24,34,54084,331
15:01:25,34,54085,332
15:01:25,34,54085,332
15:01:25,34,54085,332
15:01:25,34,54085,332
15:01:26,34,54086,333
15:01:26,34,54086,333
15:01:26,34,54086,333
15:01:26,34,54086,333
15:01:27,34,54087,334
15:01:27,34,54087,334
15:01:27,34,54087,334
15:01:27,34,54087,334
15:01:28,34,54088,335
15:01:28,34,54088,335
15:01:28,34,54088,335
15:01:28,34,54088,335
15:01:29,34,54089,336
15:01:29,34,54089,336
15:01:29,34,54089,336
15:01:30,34,54090,337
15:01:30,34,54090,337
15:01:30,34,54090,337
15:01:30,34,54090,337
15:01:31,34,54091,338
15:01:31,34,54091,338
15:01:31,34,54091,338
15:01:31,34,54091,338
15:01:32,34,54092,339
15:01:32,34,54092,339
15:01:32,34,54092,339
15:01:32,34,54092,339
15:01:33,34,54093,340
15:01:33,34,54093,340
15:01:33,34,54093,340
15:01:33,34,54093,340
15:01:34,34,54094,341
15:01:34,34,54094,341
15:01:34,34,54094,341
15:01:34,34,54094,341
15:01:35,34,54095,342
15:01:35,34,54095,342
15:01:35,34,54095,342
15:01:35,34,54095,342
15:01:36,34,54096,343
15:01:36,34,54096,343
15:01:36,34,54096,343
15:01:37,34,54097,344
15:01:37,34,54097,344
15:01:37,34,54097,344
15:01:37,34,54097,344
15:01:38,34,54098,345
15:01:38,34,54098,345
15:01:38,34,54098,345
15:01:38,34,54098,345
15:01:39,34,54099,346
15:01:39,34,54099,346
15:01:39,34,54099,346
15:01:39,34,54099,346
15:01:40,34,54100,347
15:01:40,34,54100,347
15:01:40,34,54100,347
15:01:40,34,54100,347
15:01:41,34,54101,348
15:01:41,34,54101,348
15:01:41,34,54101,348
15:01:41,34,54101,348
15:01:42,34,54102,349
15:01:42,34,54102,349
15:01:42,34,54102,349
15:01:42,34,54102,349
15:01:43,34,54103,350
15:01:43,34,54103,350
15:01:43,34,54103,350
15:01:43,34,54103,350
15:01:44,34,54104,351
15:01:44,34,54104,351
15:01:44,34,54104,351
15:01:45,34,54105,352
15:01:45,34,54105,352
15:01:45,34,54105,352
15:01:45,34,54105,352
15:01:46,34,54106,353
15:01:46,34,54106,353
15:01:46,34,54106,353
15:01:46,34,54106,353
15:01:47,34,54107,354
15:01:47,34,54107,354
15:01:47,34,54107,354
15:01:47,34,54107,354
15:01:48,34,54108,355
15:01:48,34,54108,355
15:01:48,34,54108,355
15:01:48,34,54108,355
15:01:49,34,54109,356
15:01:49,34,54109,356
15:01:49,34,54109,356
15:01:49,34,54109,356
15:01:50,34,54110,357
15:01:50,34,54110,357
15:01:50,34,54110,357
15:01:50,34,54110,357
15:01:51,34,54111,358
15:01:51,34,54111,358
15:01:51,34,54111,358
15:01:51,34,54111,358
15:01:52,34,54112,359
15:01:52,34,54112,359
15:01:52,34,54112,359
15:01:53,34,54113,360
15:01:53,34,54113,360
15:01:53,34,54113,360
15:01:53,34,54113,360
15:01:54,34,54114,361
15:01:54,34,54114,361
15:01:54,34,54114,361
15:01:54,34,54114,361
15:01:55,34,54115,362
15:01:55,34,54115,362
15:01:55,34,54115,362
15:01:55,34,54115,362
15:01:56,34,54116,363
15:01:56,34,54116,363
15:01:56,34,54116,363
15:01:56,34,54116,363
15:01:57,34,54117,364
15:01:57,34,54117,364
15:01:57,34,54117,364
15:01:57,34,54117,364
15:01:58,34,54118,365
15:01:58,34,54118,365
15:01:58,34,54118,365
15:01:58,34,54118,365
15:01:59,34,54119,366
15:01:59,34,54119,366
15:01:59,34,54119,366
15:02:00,34,54120,367
15:02:00,34,54120,367
15:02:00,34,54120,367
15:02:00,34,54120,367
15:02:01,34,54121,368
15:02:01,34,54121,368
15:02:01,34,54121,368
15:02:01,34,54121,368
15:02:02,34,54122,369
15:02:02,34,54122,369
15:02:02,34,54122,369
15:02:02,34,54122,369
15:02:03,34,54123,370
15:02:03,34,54123,370
15:02:03,34,54123,370
15:02:03,34,54123,370
15:02:04,34,54124,371
15:02:04,34,54124,371
15:02:04,34,54124,371
15:02:04,34,54124,371
15:02:05,34,54125,372
15:02:05,34,54125,372
15:02:05,34,54125,372
15:02:05,34,54125,372
15:02:06,34,54126,373
15:02:06,34,54126,373
15:02:06,34,54126,373
15:02:07,34,54127,374
15:02:07,34,54127,374
15:02:07,34,54127,374
15:02:07,34,54127,374
15:02:08,34,54128,375
15:02:08,34,54128,375
15:02:08,34,54128,375
15:02:08,34,54128,375
15:02:09,34,54129,376
15:02:09,34,54129,376
15:02:09,34,54129,376
15:02:09,34,54129,376
15:02:10,34,54130,377
15:02:10,34,54130,377
15:02:10,34,54130,377
15:02:10,34,54130,377
15:02:11,34,54131,378
15:02:11,34,54131,378
15:02:11,34,54131,378
15:02:12,34,54132,379
15:02:12,34,54132,379
15:02:12,34,54132,379
15:02:12,34,54132,379
15:02:13,34,54133,380
15:02:13,34,54133,380
15:02:13,34,54133,380
15:02:13,34,54133,380
15:02:14,34,54134,381
15:02:14,34,54134,381
15:02:14,34,54134,381
15:02:14,34,54134,381
15:02:15,34,54135,382
15:02:15,34,54135,382
15:02:15,34,54135,382
15:02:15,34,54135,382
15:02:16,34,54136,383
15:02:16,34,54136,383
15:02:16,34,54136,383
15:02:16,34,54136,383
15:02:17,34,54137,384
15:02:17,34,54137,384
15:02:17,34,54137,384
15:02:17,34,54137,384
15:02:18,34,54138,385
15:02:18,34,54138,385
15:02:18,34,54138,385
15:02:19,34,54139,386
15:02:19,34,54139,386
15:02:19,34,54139,386
15:02:19,34,54139,386
15:02:20,34,54140,387
15:02:20,34,54140,387
15:02:20,34,54140,387
15:02:20,34,54140,387
15:02:21,34,54141,388
15:02:21,34,54141,388
15:02:21,34,54141,388
15:02:21,34,54141,388
15:02:22,34,54142,389
15:02:22,34,54142,389
15:02:22,34,54142,389
15:02:22,34,54142,389
15:02:23,34,54143,390
15:02:23,34,54143,390
15:02:23,34,54143,390
15:02:23,34,54143,390
15:02:24,34,54144,391
15:02:24,34,54144,391
15:02:24,34,54144,391
15:02:25,34,54145,392
15:02:25,34,54145,392
15:02:25,34,54145,392
15:02:25,34,54145,392
15:02:26,34,54146,393
15:02:26,34,54146,393
15:02:26,34,54146,393
15:02:26,34,54146,393
15:02:27,34,54147,394
15:02:27,34,54147,394
15:02:27,34,54147,394
15:02:27,34,54147,394
15:02:28,34,54148,395
15:02:28,34,54148,395
15:02:28,34,54148,395
15:02:28,34,54148,395
15:02:29,34,54149,396
15:02:29,34,54149,396
15:02:29,34,54149,396
15:02:29,34,54149,396
15:02:30,34,54150,397
15:02:30,34,54150,397
15:02:30,34,54150,397
15:02:31,34,54151,398
15:02:31,34,54151,398
15:02:31,34,54151,398
15:02:31,34,54151,398
15:02:32,34,54152,399
15:02:32,34,54152,399
15:02:32,34,54152,399
15:02:32,34,54152,399
15:02:33,34,54153,400
15:02:33,34,54153,400
15:02:33,34,54153,400
15:02:33,34,54153,400
15:02:34,34,54154,401
15:02:34,34,54154,401
15:02:34,34,54154,401
15:02:34,34,54154,401
15:02:35,34,54155,402
15:02:35,34,54155,402
15:02:35,34,54155,402
15:02:35,34,54155,402
15:02:36,34,54156,403
15:02:36,34,54156,403
15:02:36,34,54156,403
15:02:36,34,54156,403
15:02:37,34,54157,404
15:02:37,34,54157,404
15:02:37,34,54157,404
15:02:38,34,54158,405
15:02:38,34,54158,405
15:02:38,34,54158,405
15:02:38,34,54158,405
15:02:39,34,54159,406
15:02:39,34,54159,406
15:02:39,34,54159,406
15:02:39,34,54159,406
15:02:40,34,54160,407
15:02:40,34,54160,407
15:02:40,34,54160,407
15:02:40,34,54160,407
15:02:41,34,54161,408
15:02:41,34,54161,408
15:02:41,34,54161,408
15:02:41,34,54161,408
15:02:42,34,54162,409
15:02:42,34,54162,409
15:02:42,34,54162,409
15:02:42,34,54162,409
15:02:43,34,54163,410
15:02:43,34,54163,410
15:02:43,34,54163,410
15:02:43,34,54163,410
15:02:44,34,54164,411
15:02:44,34,54164,411
15:02:44,34,54164,411
15:02:44,34,54164,411
15:02:45,34,54165,412
15:02:45,34,54165,412
15:02:45,34,54165,412
15:02:45,34,54165,412
15:02:46,34,54166,413
15:02:46,34,54166,413
15:02:46,34,54166,413
15:02:47,34,54167,414
15:02:47,34,54167,414
15:02:47,34,54167,414
15:02:47,34,54167,414
15:02:48,34,54168,415
15:02:48,34,54168,415
15:02:48,34,54168,415
15:02:48,34,54168,415
15:02:49,34,54169,416
15:02:49,34,54169,416
15:02:49,34,54169,416
15:02:49,34,54169,416
15:02:50,34,54170,417
15:02:50,34,54170,417
15:02:50,34,54170,417
15:02:50,34,54170,417
15:02:51,34,54171,418
15:02:51,34,54171,418
15:02:51,34,54171,418
15:02:51,34,54171,418
15:02:52,34,54172,419
15:02:52,34,54172,419
15:02:52,34,54172,419
15:02:52,34,54172,419
15:02:53,34,54173,420
15:02:53,34,54173,420
15:02:53,34,54173,420
15:02:54,34,54174,421
15:02:54,34,54174,421
15:02:54,34,54174,421
15:02:54,34,54174,421
15:02:55,34,54175,422
15:02:55,34,54175,422
15:02:55,34,54175,422
15:02:55,34,54175,422
15:02:56,34,54176,423
15:02:56,34,54176,423
15:02:56,34,54176,423
15:02:56,34,54176,423
15:02:57,34,54177,424
15:02:57,34,54177,424
15:02:57,34,54177,424
15:02:57,34,54177,424
15:02:58,34,54178,425
15:02:58,34,54178,425
15:02:58,34,54178,425
15:02:59,34,54179,426
15:02:59,34,54179,426
15:02:59,34,54179,426
15:02:59,34,54179,426
15:03:00,34,54180,427
15:03:00,34,54180,427
15:03:00,34,54180,427
15:03:00,34,54180,427
15:03:01,34,54181,428
15:03:01,34,54181,428
15:03:01,34,54181,428
15:03:01,34,54181,428
15:03:02,34,54182,429
15:03:02,34,54182,429
15:03:02,34,54182,429
15:03:02,34,54182,429
15:03:03,34,54183,430
15:03:03,34,54183,430
15:03:03,34,54183,430
15:03:03,34,54183,430
15:03:04,34,54184,431
15:03:04,34,54184,431
15:03:04,34,54184,431
15:03:04,34,54184,431
15:03:05,34,54185,432
15:03:05,34,54185,432
15:03:05,34,54185,432
15:03:06,34,54186,433
15:03:06,34,54186,433
15:03:06,34,54186,433
15:03:06,34,54186,433
15:03:07,34,54187,434
15:03:07,34,54187,434
15:03:07,34,54187,434
15:03:07,34,54187,434
15:03:08,34,54188,435
15:03:08,34,54188,435
15:03:08,34,54188,435
15:03:08,34,54188,435
15:03:09,34,54189,436
15:03:09,34,54189,436
15:03:09,34,54189,436
15:03:09,34,54189,436
15:03:10,34,54190,437
15:03:10,34,54190,437
15:03:10,34,54190,437
15:03:10,34,54190,437
15:03:11,34,54191,438
15:03:11,34,54191,438
15:03:11,34,54191,438
15:03:12,34,54192,439
15:03:12,34,54192,439
15:03:12,34,54192,439
15:03:12,34,54192,439
15:03:13,34,54193,440
15:03:13,34,54193,440
15:03:13,34,54193,440
15:03:13,34,54193,440
15:03:14,34,54194,441
15:03:14,34,54194,441
15:03:14,34,54194,441
15:03:14,34,54194,441
15:03:15,34,54195,442
15:03:15,34,54195,442
15:03:15,34,54195,442
15:03:15,34,54195,442
15:03:16,34,54196,443
15:03:16,34,54196,443
15:03:16,34,54196,443
15:03:16,34,54196,443
15:03:17,34,54197,444
15:03:17,34,54197,444
15:03:17,34,54197,444
15:03:18,34,54198,445
15:03:18,34,54198,445
15:03:18,34,54198,445
15:03:18,34,54198,445
15:03:19,34,54199,446
15:03:19,34,54199,446
15:03:19,34,54199,446
15:03:19,34,54199,446
15:03:20,34,54200,447
15:03:20,34,54200,447
15:03:20,34,54200,447
15:03:20,34,54200,447
15:03:21,34,54201,448
15:03:21,34,54201,448
15:03:21,34,54201,448
15:03:21,34,54201,448
15:03:22,34,54202,449
15:03:22,34,54202,449
15:03:22,34,54202,449
15:03:22,34,54202,449
15:03:23,34,54203,450
15:03:23,34,54203,450
15:03:23,34,54203,450
15:03:23,34,54203,450
15:03:24,34,54204,451
15:03:24,34,54204,451
15:03:24,34,54204,451
15:03:25,34,54205,452
15:03:25,34,54205,452
15:03:25,34,54205,452
15:03:25,34,54205,452
15:03:26,34,54206,453
15:03:26,34,54206,453
15:03:26,34,54206,453
15:03:26,34,54206,453
15:03:27,34,54207,454
15:03:27,34,54207,454
15:03:27,34,54207,454
15:03:27,34,54207,454
15:03:28,34,54208,455
15:03:28,34,54208,455
15:03:28,34,54208,455
15:03:28,34,54208,455
15:03:29,34,54209,456
15:03:29,34,54209,456
15:03:29,34,54209,456
15:03:29,34,54209,456
15:03:30,34,54210,457
15:03:30,34,54210,457
15:03:30,34,54210,457
15:03:31,34,54211,458
15:03:31,34,54211,458
15:03:31,34,54211,458
15:03:31,34,54211,458
15:03:32,34,54212,459
15:03:32,34,54212,459
15:03:32,34,54212,459
15:03:32,34,54212,459
15:03:33,34,54213,460
15:03:33,34,54213,460
15:03:33,34,54213,460
15:03:33,34,54213,460
15:03:34,34,54214,461
15:03:34,34,54214,461
15:03:34,34,54214,461
15:03:34,34,54214,461
15:03:35,34,54215,462
15:03:35,34,54215,462
15:03:35,34,54215,462
15:03:35,34,54215,462
15:03:36,34,54216,463
15:03:36,34,54216,463
15:03:36,34,54216,463
15:03:36,34,54216,463
15:03:37,34,54217,464
15:03:37,34,54217,464
15:03:37,34,54217,464
15:03:38,34,54218,465
15:03:38,34,54218,465
15:03:38,34,54218,465
15:03:38,34,54218,465
15:03:39,34,54219,466
15:03:39,34,54219,466
15:03:39,34,54219,466
15:03:39,34,54219,466
15:03:40,34,54220,467
15:03:40,34,54220,467
15:03:40,34,54220,467
15:03:40,34,54220,467
15:03:41,34,54221,468
15:03:41,34,54221,468
15:03:41,34,54221,468
15:03:41,34,54221,468
15:03:42,34,54222,469
15:03:42,34,54222,469
15:03:42,34,54222,469
15:03:42,34,54222,469
15:03:43,34,54223,470
15:03:43,34,54223,470
15:03:43,34,54223,470
15:03:44,34,54224,471
15:03:44,34,54224,471
15:03:44,34,54224,471
15:03:44,34,54224,471
15:03:45,34,54225,472
15:03:45,34,54225,472
15:03:45,34,54225,472
15:03:45,34,54225,472
15:03:46,34,54226,473
15:03:46,34,54226,473
15:03:46,34,54226,473
15:03:46,34,54226,473
15:03:47,34,54227,474
15:03:47,34,54227,474
15:03:47,34,54227,474
15:03:47,34,54227,474
15:03:48,34,54228,475
15:03:48,34,54228,475
15:03:48,34,54228,475
15:03:48,34,54228,475
15:03:49,34,54229,476
15:03:49,34,54229,476
15:03:49,34,54229,476
15:03:49,34,54229,476
15:03:50,34,54230,477
15:03:50,34,54230,477
15:03:50,34,54230,477
15:03:51,34,54231,478
15:03:51,34,54231,478
15:03:51,34,54231,478
15:03:51,34,54231,478
15:03:52,34,54232,479
15:03:52,34,54232,479
15:03:52,34,54232,479
15:03:52,34,54232,479
15:03:53,34,54233,480
15:03:53,34,54233,480
15:03:53,34,54233,480
15:03:53,34,54233,480
15:03:54,34,54234,481
15:03:54,34,54234,481
15:03:54,34,54234,481
15:03:54,34,54234,481
15:03:55,34,54235,482
15:03:55,34,54235,482
15:03:55,34,54235,482
15:03:55,34,54235,482
15:03:56,34,54236,483
15:03:56,34,54236,483
15:03:56,34,54236,483
15:03:56,34,54236,483
15:03:57,34,54237,484
15:03:57,34,54237,484
15:03:57,34,54237,484
15:03:58,34,54238,485
15:03:58,34,54238,485
15:03:58,34,54238,485
15:03:58,34,54238,485
15:03:59,34,54239,486
15:03:59,34,54239,486
15:03:59,34,54239,486
15:03:59,34,54239,486
15:04:00,34,54240,487
15:04:00,34,54240,487
15:04:00,34,54240,487
15:04:00,34,54240,487
15:04:01,34,54241,488
15:04:01,34,54241,488
15:04:01,34,54241,488
15:04:01,34,54241,488
15:04:02,34,54242,489
15:04:02,34,54242,489
15:04:02,34,54242,489
15:04:02,34,54242,489
15:04:03,34,54243,490
15:04:03,34,54243,490
15:04:03,34,54243,490
15:04:03,34,54243,490
15:04:04,34,54244,491
15:04:04,34,54244,491
15:04:04,34,54244,491
15:04:05,34,54245,492
15:04:05,34,54245,492
15:04:05,34,54245,492
15:04:05,34,54245,492
15:04:06,34,54246,493
15:04:06,34,54246,493
15:04:06,34,54246,493
15:04:06,34,54246,493
15:04:07,34,54247,494
15:04:07,34,54247,494
15:04:07,34,54247,494
15:04:07,34,54247,494
15:04:08,34,54248,495
15:04:08,34,54248,495
15:04:08,34,54248,495
15:04:08,34,54248,495
15:04:09,34,54249,496
15:04:09,34,54249,496
15:04:09,34,54249,496
15:04:09,34,54249,496
15:04:10,34,54250,497
15:04:10,34,54250,497
15:04:10,34,54250,497
15:04:10,34,54250,497
15:04:11,34,54251,498
15:04:11,34,54251,498
15:04:11,34,54251,498
15:04:12,34,54252,499
15:04:12,34,54252,499
15:04:12,34,54252,499
15:04:12,34,54252,499
15:04:13,34,54253,500
15:04:13,34,54253,500
15:04:13,34,54253,500
15:04:13,34,54253,500
15:04:14,34,54254,501
15:04:14,34,54254,501
15:04:14,34,54254,501
15:04:14,34,54254,501
15:04:15,34,54255,502
15:04:15,34,54255,502
15:04:15,34,54255,502
15:04:15,34,54255,502
15:04:16,34,54256,503
15:04:16,34,54256,503
15:04:16,34,54256,503
15:04:16,34,54256,503
15:04:17,34,54257,504
15:04:17,34,54257,504
15:04:17,34,54257,504
15:04:18,34,54258,505
15:04:18,34,54258,505
15:04:18,34,54258,505
15:04:18,34,54258,505
15:04:19,34,54259,506
15:04:19,34,54259,506
15:04:19,34,54259,506
15:04:19,34,54259,506
15:04:20,34,54260,507
15:04:20,34,54260,507
15:04:20,34,54260,507
15:04:20,34,54260,507
15:04:21,34,54261,508
15:04:21,34,54261,508
15:04:21,34,54261,508
15:04:21,34,54261,508
15:04:22,34,54262,509
15:04:22,34,54262,509
15:04:22,34,54262,509
15:04:22,34,54262,509
15:04:23,34,54263,510
15:04:23,34,54263,510
15:04:23,34,54263,510
15:04:24,34,54264,511
15:04:24,34,54264,511
15:04:24,34,54264,511
15:04:24,34,54264,511
15:04:25,34,54265,512
15:04:25,34,54265,512
15:04:25,34,54265,512
15:04:25,34,54265,512
15:04:26,34,54266,513
15:04:26,34,54266,513
15:04:26,34,54266,513
15:04:26,34,54266,513
15:04:27,34,54267,514
15:04:27,34,54267,514
15:04:27,34,54267,514
15:04:27,34,54267,514
15:04:28,34,54268,515
15:04:28,34,54268,515
15:04:28,34,54268,515
15:04:28,34,54268,515
15:04:29,34,54269,516
15:04:29,34,54269,516
15:04:29,34,54269,516
15:04:29,34,54269,516
15:04:30,34,54270,517
15:04:30,34,54270,517
15:04:30,34,54270,517
15:04:30,34,54270,517
15:04:31,34,54271,518
15:04:31,34,54271,518
15:04:31,34,54271,518
15:04:32,34,54272,519
15:04:32,34,54272,519
15:04:32,34,54272,519
15:04:32,34,54272,519
15:04:33,34,54273,520
15:04:33,34,54273,520
15:04:33,34,54273,520
15:04:33,34,54273,520
15:04:34,34,54274,521
15:04:34,34,54274,521
15:04:34,34,54274,521
15:04:34,34,54274,521
15:04:35,34,54275,522
15:04:35,34,54275,522
15:04:35,34,54275,522
15:04:35,34,54275,522
15:04:36,34,54276,523
15:04:36,34,54276,523
15:04:36,34,54276,523
15:04:36,34,54276,523
15:04:37,34,54277,524
15:04:37,34,54277,524
15:04:37,34,54277,524
15:04:38,34,54278,525
15:04:38,34,54278,525
15:04:38,34,54278,525
15:04:38,34,54278,525
15:04:39,34,54279,526
15:04:39,34,54279,526
15:04:39,34,54279,526
15:04:39,34,54279,526
15:04:40,34,54280,527
15:04:40,34,54280,527
15:04:40,34,54280,527
15:04:40,34,54280,527
15:04:41,34,54281,528
15:04:41,34,54281,528
15:04:41,34,54281,528
15:04:41,34,54281,528
15:04:42,34,54282,529
15:04:42,34,54282,529
15:04:42,34,54282,529
15:04:42,34,54282,529
15:04:43,34,54283,530
15:04:43,34,54283,530
15:04:43,34,54283,530
15:04:43,34,54283,530
15:04:44,34,54284,531
15:04:44,34,54284,531
15:04:44,34,54284,531
15:04:45,34,54285,532
15:04:45,34,54285,532
15:04:45,34,54285,532
15:04:45,34,54285,532
15:04:46,34,54286,533
15:04:46,34,54286,533
15:04:46,34,54286,533
15:04:46,34,54286,533
15:04:47,34,54287,534
15:04:47,34,54287,534
15:04:47,34,54287,534
15:04:47,34,54287,534
15:04:48,34,54288,535
15:04:48,34,54288,535
15:04:48,34,54288,535
15:04:48,34,54288,535
15:04:49,34,54289,536
15:04:49,34,54289,536
15:04:49,34,54289,536
15:04:49,34,54289,536
15:04:50,34,54290,537
15:04:50,34,54290,537
15:04:50,34,54290,537
15:04:50,34,54290,537
15:04:51,34,54291,538
15:04:51,34,54291,538
15:04:51,34,54291,538
15:04:52,34,54292,539
15:04:52,34,54292,539
15:04:52,34,54292,539
15:04:52,34,54292,539
15:04:53,34,54293,540
15:04:53,34,54293,540
15:04:53,34,54293,540
15:04:53,34,54293,540
15:04:54,34,54294,541
15:04:54,34,54294,541
15:04:54,34,54294,541
15:04:54,34,54294,541
15:04:55,34,54295,542
15:04:55,34,54295,542
15:04:55,34,54295,542
15:04:55,34,54295,542
15:04:56,34,54296,543
15:04:56,34,54296,543
15:04:56,34,54296,543
15:04:56,34,54296,543
15:04:57,34,54297,544
15:04:57,34,54297,544
15:04:57,34,54297,544
15:04:58,34,54298,545
15:04:58,34,54298,545
15:04:58,34,54298,545
15:04:58,34,54298,545
15:04:59,34,54299,546
15:04:59,34,54299,546
15:04:59,34,54299,546
15:04:59,34,54299,546
15:05:00,34,54300,547
15:05:00,34,54300,547
15:05:00,34,54300,547
15:05:00,34,54300,547
15:05:01,34,54301,548
15:05:01,34,54301,548
15:05:01,34,54301,548
15:05:01,34,54301,548
15:05:02,34,54302,549
15:05:02,34,54302,549
15:05:02,34,54302,549
15:05:02,34,54302,549
15:05:03,34,54303,550
15:05:03,34,54303,550
15:05:03,34,54303,550
15:05:04,34,54304,551
15:05:04,34,54304,551
15:05:04,34,54304,551
15:05:04,34,54304,551
15:05:05,34,54305,552
15:05:05,34,54305,552
15:05:05,34,54305,552
15:05:05,34,54305,552
15:05:06,34,54306,553
15:05:06,34,54306,553
15:05:06,34,54306,553
15:05:06,34,54306,553
15:05:07,34,54307,554
15:05:07,34,54307,554
15:05:07,34,54307,554
15:05:08,34,54308,555
15:05:08,34,54308,555
15:05:08,34,54308,555
15:05:08,34,54308,555
15:05:09,34,54309,556
15:05:09,34,54309,556
15:05:09,34,54309,556
15:05:09,34,54309,556
15:05:10,34,54310,557
15:05:10,34,54310,557
15:05:10,34,54310,557
15:05:10,34,54310,557
15:05:11,34,54311,558
15:05:11,34,54311,558
15:05:11,34,54311,558
15:05:11,34,54311,558
15:05:12,34,54312,559
15:05:12,34,54312,559
15:05:12,34,54312,559
15:05:12,34,54312,559
15:05:13,34,54313,560
15:05:13,34,54313,560
15:05:13,34,54313,560
15:05:13,34,54313,560
15:05:14,34,54314,561
15:05:14,34,54314,561
15:05:14,34,54314,561
15:05:14,34,54314,561
15:05:15,34,54315,562
15:05:15,34,54315,562
15:05:15,34,54315,562
15:05:16,34,54316,563
15:05:16,34,54316,563
15:05:16,34,54316,563
15:05:16,34,54316,563
15:05:17,34,54317,564
15:05:17,34,54317,564
15:05:17,34,54317,564
15:05:17,34,54317,564
15:05:18,34,54318,565
15:05:18,34,54318,565
15:05:18,34,54318,565
15:05:18,34,54318,565
15:05:19,34,54319,566
15:05:19,34,54319,566
15:05:19,34,54319,566
15:05:19,34,54319,566
15:05:20,34,54320,567
15:05:20,34,54320,567
15:05:20,34,54320,567
15:05:20,34,54320,567
15:05:21,34,54321,568
15:05:21,34,54321,568
15:05:21,34,54321,568
15:05:21,34,54321,568
15:05:22,34,54322,569
15:05:22,34,54322,569
15:05:22,34,54322,569
15:05:22,34,54322,569
15:05:23,34,54323,570
15:05:23,34,54323,570
15:05:23,34,54323,570
15:05:24,34,54324,571
15:05:24,34,54324,571
15:05:24,34,54324,571
15:05:24,34,54324,571
15:05:25,34,54325,572
15:05:25,34,54325,572
15:05:25,34,54325,572
15:05:25,34,54325,572
15:05:26,34,54326,573
15:05:26,34,54326,573
15:05:26,34,54326,573
15:05:26,34,54326,573
15:05:27,34,54327,574
15:05:27,34,54327,574
15:05:27,34,54327,574
15:05:27,34,54327,574
15:05:28,34,54328,575
15:05:28,34,54328,575
15:05:28,34,54328,575
15:05:28,34,54328,575
15:05:29,34,54329,576
15:05:29,34,54329,576
15:05:29,34,54329,576
15:05:30,34,54330,577
15:05:30,34,54330,577
15:05:30,34,54330,577
15:05:30,34,54330,577
15:05:31,34,54331,578
15:05:31,34,54331,578
15:05:31,34,54331,578
15:05:31,34,54331,578
15:05:32,34,54332,579
15:05:32,34,54332,579
15:05:32,34,54332,579
15:05:32,34,54332,579
15:05:33,34,54333,580
15:05:33,34,54333,580
15:05:33,34,54333,580
15:05:33,34,54333,580
15:05:34,34,54334,581
15:05:34,34,54334,581
15:05:34,34,54334,581
15:05:34,34,54334,581
15:05:35,34,54335,582
15:05:35,34,54335,582
15:05:35,34,54335,582
15:05:35,34,54335,582
15:05:36,34,54336,583
15:05:36,34,54336,583
15:05:36,34,54336,583
15:05:37,34,54337,584
15:05:37,34,54337,584
15:05:37,34,54337,584
15:05:37,34,54337,584
15:05:38,34,54338,585
15:05:38,34,54338,585
15:05:38,34,54338,585
15:05:38,34,54338,585
15:05:39,34,54339,586
15:05:39,34,54339,586
15:05:39,34,54339,586
15:05:39,34,54339,586
15:05:40,34,54340,587
15:05:40,34,54340,587
15:05:40,34,54340,587
15:05:40,34,54340,587
15:05:41,34,54341,588
15:05:41,34,54341,588
15:05:41,34,54341,588
15:05:41,34,54341,588
15:05:42,34,54342,589
15:05:42,34,54342,589
15:05:42,34,54342,589
15:05:43,34,54343,590
15:05:43,34,54343,590
15:05:43,34,54343,590
15:05:43,34,54343,590
15:05:44,34,54344,591
15:05:44,34,54344,591
15:05:44,34,54344,591
15:05:44,34,54344,591
15:05:45,34,54345,592
15:05:45,34,54345,592
15:05:45,34,54345,592
15:05:45,34,54345,592
15:05:46,34,54346,593
15:05:46,34,54346,593
15:05:46,34,54346,593
15:05:46,34,54346,593
15:05:47,34,54347,594
15:05:47,34,54347,594
15:05:47,34,54347,594
15:05:47,34,54347,594
15:05:48,34,54348,595
15:05:48,34,54348,595
15:05:48,34,54348,595
15:05:48,34,54348,595
15:05:49,34,54349,596
15:05:49,34,54349,596
15:05:49,34,54349,596
15:05:49,34,54349,596
15:05:50,34,54350,597
15:05:50,34,54350,597
15:05:50,34,54350,597
15:05:51,34,54351,598
15:05:51,34,54351,598
15:05:51,34,54351,598
15:05:51,34,54351,598
15:05:52,34,54352,599
15:05:52,34,54352,599
15:05:52,34,54352,599
15:05:52,34,54352,599
15:05:53,34,54353,600
15:05:53,34,54353,600
15:05:53,34,54353,600
15:05:53,34,54353,600
15:05:54,34,54354,601
15:05:54,34,54354,601
15:05:54,34,54354,601
15:05:54,34,54354,601
15:05:55,34,54355,602
15:05:55,34,54355,602
15:05:55,34,54355,602
15:05:55,34,54355,602
15:05:56,34,54356,603
15:05:56,34,54356,603
15:05:56,34,54356,603
15:05:57,34,54357,604
15:05:57,34,54357,604
15:05:57,34,54357,604
15:05:57,34,54357,604
15:05:58,34,54358,605
15:05:58,34,54358,605
15:05:58,34,54358,605
15:05:58,34,54358,605
15:05:59,34,54359,606
15:05:59,34,54359,606
15:05:59,34,54359,606
15:05:59,34,54359,606
15:06:00,34,54360,607
15:06:00,34,54360,607
15:06:00,34,54360,607
15:06:00,34,54360,607
15:06:01,34,54361,608
15:06:01,34,54361,608
15:06:01,34,54361,608
15:06:01,34,54361,608
15:06:02,34,54362,609
15:06:02,34,54362,609
15:06:02,34,54362,609
15:06:02,34,54362,609
15:06:03,34,54363,610
15:06:03,34,54363,610
15:06:03,34,54363,610
15:06:04,34,54364,611
15:06:04,34,54364,611
15:06:04,34,54364,611
15:06:04,34,54364,611
15:06:05,34,54365,612
15:06:05,34,54365,612
15:06:05,34,54365,612
15:06:05,34,54365,612
15:06:06,34,54366,613
15:06:06,34,54366,613
15:06:06,34,54366,613
15:06:06,34,54366,613
15:06:07,34,54367,614
15:06:07,34,54367,614
15:06:07,34,54367,614
15:06:07,34,54367,614
15:06:08,34,54368,615
15:06:08,34,54368,615
15:06:08,34,54368,615
15:06:08,34,54368,615
15:06:09,34,54369,616
15:06:09,34,54369,616
15:06:09,34,54369,616
15:06:09,34,54369,616
15:06:10,34,54370,617
15:06:10,34,54370,617
15:06:10,34,54370,617
15:06:11,34,54371,618
15:06:11,34,54371,618
15:06:11,34,54371,618
15:06:11,34,54371,618
15:06:12,34,54372,619
15:06:12,34,54372,619
15:06:12,34,54372,619
15:06:12,34,54372,619
15:06:13,34,54373,620
15:06:13,34,54373,620
15:06:13,34,54373,620
15:06:13,34,54373,620
15:06:14,34,54374,621
15:06:14,34,54374,621
15:06:14,34,54374,621
15:06:14,34,54374,621
15:06:15,34,54375,622
15:06:15,34,54375,622
15:06:15,34,54375,622
15:06:15,34,54375,622
15:06:16,34,54376,623
15:06:16,34,54376,623
15:06:16,34,54376,623
15:06:16,34,54376,623
15:06:17,34,54377,624
15:06:17,34,54377,624
15:06:17,34,54377,624
15:06:17,34,54377,624
15:06:18,34,54378,625
15:06:18,34,54378,625
15:06:18,34,54378,625
15:06:19,34,54379,626
15:06:19,34,54379,626
15:06:19,34,54379,626
15:06:19,34,54379,626
15:06:20,34,54380,627
15:06:20,34,54380,627
15:06:20,34,54380,627
15:06:20,34,54380,627
15:06:21,34,54381,628
15:06:21,34,54381,628
15:06:21,34,54381,628
15:06:21,34,54381,628
15:06:22,34,54382,629
15:06:22,34,54382,629
15:06:22,34,54382,629
15:06:22,34,54382,629
15:06:23,34,54383,630
15:06:23,34,54383,630
15:06:23,34,54383,630
15:06:23,34,54383,630
15:06:24,34,54384,631
15:06:24,34,54384,631
15:06:24,34,54384,631
15:06:25,34,54385,632
15:06:25,34,54385,632
15:06:25,34,54385,632
15:06:25,34,54385,632
15:06:26,34,54386,633
15:06:26,34,54386,633
15:06:26,34,54386,633
15:06:26,34,54386,633
15:06:27,34,54387,634
15:06:27,34,54387,634
15:06:27,34,54387,634
15:06:27,34,54387,634
15:06:28,34,54388,635
15:06:28,34,54388,635
15:06:28,34,54388,635
15:06:28,34,54388,635
15:06:29,34,54389,636
15:06:29,34,54389,636
15:06:29,34,54389,636
15:06:29,34,54389,636
15:06:30,34,54390,637
15:06:30,34,54390,637
15:06:30,34,54390,637
15:06:30,34,54390,637
15:06:31,34,54391,638
15:06:31,34,54391,638
15:06:31,34,54391,638
15:06:32,34,54392,639
15:06:32,34,54392,639
15:06:32,34,54392,639
15:06:32,34,54392,639
15:06:33,34,54393,640
15:06:33,35,54393,640
15:06:33,35,54393,640
15:06:33,35,54393,640
15:06:34,35,54394,641
15:06:34,35,54394,641
15:06:34,35,54394,641
15:06:34,35,54394,641
15:06:35,35,54395,642
15:06:35,35,54395,642
15:06:35,35,54395,642
15:06:35,35,54395,642
15:06:36,34,54396,643
15:06:36,34,54396,643
15:06:36,34,54396,643
15:06:36,34,54396,643
15:06:37,34,54397,644
15:06:37,34,54397,644
15:06:37,34,54397,644
15:06:37,34,54397,644
15:06:38,34,54398,645
15:06:38,34,54398,645
15:06:38,34,54398,645
15:06:38,34,54398,645
15:06:39,34,54399,646
15:06:39,34,54399,646
15:06:39,34,54399,646
15:06:39,34,54399,646
15:06:40,34,54400,647
15:06:40,34,54400,647
15:06:40,34,54400,647
15:06:41,34,54401,648
15:06:41,34,54401,648
15:06:41,34,54401,648
15:06:41,34,54401,648
15:06:42,34,54402,649
15:06:42,34,54402,649
15:06:42,34,54402,649
15:06:42,34,54402,649
15:06:43,34,54403,650
15:06:43,34,54403,650
15:06:43,34,54403,650
15:06:43,34,54403,650
15:06:44,34,54404,651
15:06:44,34,54404,651
15:06:44,34,54404,651
15:06:44,34,54404,651
15:06:45,34,54405,652
15:06:45,34,54405,652
15:06:45,34,54405,652
15:06:45,34,54405,652
15:06:46,34,54406,653
15:06:46,34,54406,653
15:06:46,34,54406,653
15:06:47,34,54407,654
15:06:47,34,54407,654
15:06:47,34,54407,654
15:06:47,34,54407,654
15:06:48,34,54408,655
15:06:48,34,54408,655
15:06:48,34,54408,655
15:06:48,34,54408,655
15:06:49,34,54409,656
15:06:49,34,54409,656
15:06:49,34,54409,656
15:06:49,34,54409,656
15:06:50,34,54410,657
15:06:50,34,54410,657
15:06:50,34,54410,657
15:06:50,34,54410,657
15:06:51,34,54411,658
15:06:51,34,54411,658
15:06:51,34,54411,658
15:06:51,34,54411,658
15:06:52,34,54412,659
15:06:52,34,54412,659
15:06:52,34,54412,659
15:06:52,34,54412,659
15:06:53,34,54413,660
15:06:53,34,54413,660
15:06:53,34,54413,660
15:06:53,34,54413,660
15:06:54,34,54414,661
15:06:54,34,54414,661
15:06:54,34,54414,661
15:06:55,34,54415,662
15:06:55,34,54415,662
15:06:55,34,54415,662
15:06:55,34,54415,662
15:06:56,34,54416,663
15:06:56,34,54416,663
15:06:56,34,54416,663
15:06:56,34,54416,663
15:06:57,34,54417,664
15:06:57,34,54417,664
15:00,,54000,247
