TIME CONSTANT OF THERMOCOUPLE/ THERMOMETER (Mode Low to High),,,,
Time,Temperature,,,Time (in seconds)
12:29:33,90,,44973,0
12:29:33,90,,44973,0
12:29:33,90,,44973,0
12:29:33,90,,44973,0
12:29:34,90,,44974,1
12:29:34,90,,44974,1
12:29:34,90,,44974,1
12:29:34,90,,44974,1
12:29:35,90,,44975,2
12:29:35,90,,44975,2
12:29:35,90,,44975,2
12:29:35,90,,44975,2
12:29:36,90,,44976,3
12:29:36,90,,44976,3
12:29:36,90,,44976,3
12:29:36,90,,44976,3
12:29:37,90,,44977,4
12:29:37,90,,44977,4
12:29:37,90,,44977,4
12:29:37,90,,44977,4
12:29:38,90,,44978,5
12:29:38,90,,44978,5
12:29:38,90,,44978,5
12:29:39,90,,44979,6
12:29:39,90,,44979,6
12:29:39,90,,44979,6
12:29:39,90,,44979,6
12:29:40,90,,44980,7
12:29:40,90,,44980,7
12:29:40,90,,44980,7
12:29:40,89,,44980,7
12:29:41,89,,44981,8
12:29:41,89,,44981,8
12:29:41,89,,44981,8
12:29:41,89,,44981,8
12:29:42,87,,44982,9
12:29:42,87,,44982,9
12:29:42,87,,44982,9
12:29:42,87,,44982,9
12:29:43,87,,44983,10
12:29:43,87,,44983,10
12:29:43,87,,44983,10
12:29:43,87,,44983,10
12:29:44,87,,44984,11
12:29:44,87,,44984,11
12:29:44,87,,44984,11
12:29:45,85,,44985,12
12:29:45,85,,44985,12
12:29:45,85,,44985,12
12:29:45,85,,44985,12
12:29:46,85,,44986,13
12:29:46,85,,44986,13
12:29:46,85,,44986,13
12:29:46,85,,44986,13
12:29:47,85,,44987,14
12:29:47,85,,44987,14
12:29:47,84,,44987,14
12:29:47,84,,44987,14
12:29:48,84,,44988,15
12:29:48,84,,44988,15
12:29:48,84,,44988,15
12:29:48,82,,44988,15
12:29:49,82,,44989,16
12:29:49,82,,44989,16
12:29:49,82,,44989,16
12:29:49,82,,44989,16
12:29:50,82,,44990,17
12:29:50,82,,44990,17
12:29:50,82,,44990,17
12:29:50,82,,44990,17
12:29:51,82,,44991,18
12:29:51,82,,44991,18
12:29:51,81,,44991,18
12:29:51,81,,44991,18
12:29:52,81,,44992,19
12:29:52,81,,44992,19
12:29:52,81,,44992,19
12:29:53,81,,44993,20
12:29:53,79,,44993,20
12:29:53,79,,44993,20
12:29:53,79,,44993,20
12:29:54,79,,44994,21
12:29:54,79,,44994,21
12:29:54,79,,44994,21
12:29:54,79,,44994,21
12:29:55,79,,44995,22
12:29:55,79,,44995,22
12:29:55,79,,44995,22
12:29:55,79,,44995,22
12:29:56,78,,44996,23
12:29:56,78,,44996,23
12:29:56,78,,44996,23
12:29:56,78,,44996,23
12:29:57,78,,44997,24
12:29:57,78,,44997,24
12:29:57,78,,44997,24
12:29:57,76,,44997,24
12:29:58,76,,44998,25
12:29:58,76,,44998,25
12:29:58,76,,44998,25
12:29:58,76,,44998,25
12:29:59,76,,44999,26
12:29:59,76,,44999,26
12:29:59,76,,44999,26
12:30:00,76,,45000,27
12:30:00,76,,45000,27
12:30:00,76,,45000,27
12:30:00,75,,45000,27
12:30:01,75,,45001,28
12:30:01,75,,45001,28
12:30:01,75,,45001,28
12:30:01,75,,45001,28
12:30:02,75,,45002,29
12:30:02,75,,45002,29
12:30:02,75,,45002,29
12:30:02,75,,45002,29
12:30:03,74,,45003,30
12:30:03,74,,45003,30
12:30:03,74,,45003,30
12:30:03,74,,45003,30
12:30:04,74,,45004,31
12:30:04,74,,45004,31
12:30:04,74,,45004,31
12:30:04,73,,45004,31
12:30:05,73,,45005,32
12:30:05,73,,45005,32
12:30:05,73,,45005,32
12:30:05,73,,45005,32
12:30:06,73,,45006,33
12:30:06,73,,45006,33
12:30:06,72,,45006,33
12:30:06,72,,45006,33
12:30:07,72,,45007,34
12:30:07,72,,45007,34
12:30:07,72,,45007,34
12:30:08,72,,45008,35
12:30:08,71,,45008,35
12:30:08,71,,45008,35
12:30:08,71,,45008,35
12:30:09,71,,45009,36
12:30:09,71,,45009,36
12:30:09,71,,45009,36
12:30:09,71,,45009,36
12:30:10,71,,45010,37
12:30:10,70,,45010,37
12:30:10,70,,45010,37
12:30:10,70,,45010,37
12:30:11,70,,45011,38
12:30:11,70,,45011,38
12:30:11,70,,45011,38
12:30:11,70,,45011,38
12:30:12,70,,45012,39
12:30:12,70,,45012,39
12:30:12,69,,45012,39
12:30:12,69,,45012,39
12:30:13,69,,45013,40
12:30:13,69,,45013,40
12:30:13,69,,45013,40
12:30:13,69,,45013,40
12:30:14,69,,45014,41
12:30:14,68,,45014,41
12:30:14,68,,45014,41
12:30:15,68,,45015,42
12:30:15,68,,45015,42
12:30:15,68,,45015,42
12:30:15,68,,45015,42
12:30:16,68,,45016,43
12:30:16,68,,45016,43
12:30:16,68,,45016,43
12:30:16,67,,45016,43
12:30:17,67,,45017,44
12:30:17,67,,45017,44
12:30:17,67,,45017,44
12:30:17,67,,45017,44
12:30:18,67,,45018,45
12:30:18,66,,45018,45
12:30:18,66,,45018,45
12:30:18,66,,45018,45
12:30:19,66,,45019,46
12:30:19,66,,45019,46
12:30:19,66,,45019,46
12:30:19,65,,45019,46
12:30:20,65,,45020,47
12:30:20,65,,45020,47
12:30:20,65,,45020,47
12:30:20,65,,45020,47
12:30:21,65,,45021,48
12:30:21,65,,45021,48
12:30:21,65,,45021,48
12:30:22,65,,45022,49
12:30:22,65,,45022,49
12:30:22,65,,45022,49
12:30:22,65,,45022,49
12:30:23,64,,45023,50
12:30:23,64,,45023,50
12:30:23,64,,45023,50
12:30:23,64,,45023,50
12:30:24,64,,45024,51
12:30:24,64,,45024,51
12:30:24,64,,45024,51
12:30:24,64,,45024,51
12:30:25,64,,45025,52
12:30:25,64,,45025,52
12:30:25,63,,45025,52
12:30:25,63,,45025,52
12:30:26,63,,45026,53
12:30:26,63,,45026,53
12:30:26,63,,45026,53
12:30:26,63,,45026,53
12:30:27,63,,45027,54
12:30:27,63,,45027,54
12:30:27,63,,45027,54
12:30:27,62,,45027,54
12:30:28,62,,45028,55
12:30:28,62,,45028,55
12:30:28,62,,45028,55
12:30:29,62,,45029,56
12:30:29,62,,45029,56
12:30:29,62,,45029,56
12:30:29,61,,45029,56
12:30:30,61,,45030,57
12:30:30,61,,45030,57
12:30:30,61,,45030,57
12:30:30,61,,45030,57
12:30:31,61,,45031,58
12:30:31,61,,45031,58
12:30:31,61,,45031,58
12:30:31,61,,45031,58
12:30:32,61,,45032,59
12:30:32,61,,45032,59
12:30:32,61,,45032,59
12:30:32,61,,45032,59
12:30:33,60,,45033,60
12:30:33,60,,45033,60
12:30:33,60,,45033,60
12:30:33,60,,45033,60
12:30:34,60,,45034,61
12:30:34,60,,45034,61
12:30:34,60,,45034,61
12:30:35,60,,45035,62
12:30:35,60,,45035,62
12:30:35,59,,45035,62
12:30:35,59,,45035,62
12:30:36,59,,45036,63
12:30:36,59,,45036,63
12:30:36,59,,45036,63
12:30:36,59,,45036,63
12:30:37,59,,45037,64
12:30:37,59,,45037,64
12:30:37,59,,45037,64
12:30:37,59,,45037,64
12:30:38,59,,45038,65
12:30:38,59,,45038,65
12:30:38,59,,45038,65
12:30:38,59,,45038,65
12:30:39,59,,45039,66
12:30:39,59,,45039,66
12:30:39,59,,45039,66
12:30:40,58,,45040,67
12:30:40,58,,45040,67
12:30:40,58,,45040,67
12:30:40,58,,45040,67
12:30:41,58,,45041,68
12:30:41,58,,45041,68
12:30:41,58,,45041,68
12:30:41,58,,45041,68
12:30:42,58,,45042,69
12:30:42,57,,45042,69
12:30:42,57,,45042,69
12:30:42,57,,45042,69
12:30:43,57,,45043,70
12:30:43,57,,45043,70
12:30:43,57,,45043,70
12:30:43,57,,45043,70
12:30:44,57,,45044,71
12:30:44,57,,45044,71
12:30:44,57,,45044,71
12:30:44,57,,45044,71
12:30:45,57,,45045,72
12:30:45,57,,45045,72
12:30:45,56,,45045,72
12:30:46,56,,45046,73
12:30:46,56,,45046,73
12:30:46,56,,45046,73
12:30:46,56,,45046,73
12:30:47,56,,45047,74
12:30:47,56,,45047,74
12:30:47,56,,45047,74
12:30:47,56,,45047,74
12:30:48,56,,45048,75
12:30:48,55,,45048,75
12:30:48,55,,45048,75
12:30:48,55,,45048,75
12:30:49,55,,45049,76
12:30:49,55,,45049,76
12:30:49,55,,45049,76
12:30:49,55,,45049,76
12:30:50,55,,45050,77
12:30:50,55,,45050,77
12:30:50,55,,45050,77
12:30:50,55,,45050,77
12:30:51,55,,45051,78
12:30:51,55,,45051,78
12:30:51,55,,45051,78
12:30:51,55,,45051,78
12:30:52,55,,45052,79
12:30:52,54,,45052,79
12:30:52,54,,45052,79
12:30:52,54,,45052,79
12:30:53,54,,45053,80
12:30:53,54,,45053,80
12:30:53,54,,45053,80
12:30:54,54,,45054,81
12:30:54,54,,45054,81
12:30:54,54,,45054,81
12:30:54,54,,45054,81
12:30:55,54,,45055,82
12:30:55,54,,45055,82
12:30:55,54,,45055,82
12:30:55,54,,45055,82
12:30:56,54,,45056,83
12:30:56,54,,45056,83
12:30:56,54,,45056,83
12:30:56,54,,45056,83
12:30:57,53,,45057,84
12:30:57,53,,45057,84
12:30:57,53,,45057,84
12:30:57,53,,45057,84
12:30:58,53,,45058,85
12:30:58,53,,45058,85
12:30:58,53,,45058,85
12:30:58,53,,45058,85
12:30:59,53,,45059,86
12:30:59,53,,45059,86
12:30:59,53,,45059,86
12:30:59,53,,45059,86
12:31:00,53,,45060,87
12:31:00,53,,45060,87
12:31:00,53,,45060,87
12:31:01,53,,45061,88
12:31:01,53,,45061,88
12:31:01,52,,45061,88
12:31:01,52,,45061,88
12:31:02,52,,45062,89
12:31:02,52,,45062,89
12:31:02,52,,45062,89
12:31:02,52,,45062,89
12:31:03,52,,45063,90
12:31:03,52,,45063,90
12:31:03,52,,45063,90
12:31:03,52,,45063,90
12:31:04,52,,45064,91
12:31:04,52,,45064,91
12:31:04,52,,45064,91
12:31:04,52,,45064,91
12:31:05,52,,45065,92
12:31:05,52,,45065,92
12:31:05,52,,45065,92
12:31:05,52,,45065,92
12:31:06,52,,45066,93
12:31:06,52,,45066,93
12:31:06,51,,45066,93
12:31:06,51,,45066,93
12:31:07,51,,45067,94
12:31:07,51,,45067,94
12:31:07,51,,45067,94
12:31:07,51,,45067,94
12:31:08,51,,45068,95
12:31:08,51,,45068,95
12:31:08,51,,45068,95
12:31:08,51,,45068,95
12:31:09,51,,45069,96
12:31:09,51,,45069,96
12:31:09,51,,45069,96
12:31:10,51,,45070,97
12:31:10,51,,45070,97
12:31:10,51,,45070,97
12:31:10,51,,45070,97
12:31:11,51,,45071,98
12:31:11,51,,45071,98
12:31:11,51,,45071,98
12:31:11,51,,45071,98
12:31:12,51,,45072,99
12:31:12,51,,45072,99
12:31:12,51,,45072,99
12:31:12,51,,45072,99
12:31:13,51,,45073,100
12:31:13,50,,45073,100
12:31:13,50,,45073,100
12:31:13,50,,45073,100
12:31:14,50,,45074,101
12:31:14,50,,45074,101
12:31:14,50,,45074,101
12:31:14,50,,45074,101
12:31:15,50,,45075,102
12:31:15,50,,45075,102
12:31:15,50,,45075,102
12:31:15,50,,45075,102
12:31:16,50,,45076,103
12:31:16,50,,45076,103
12:31:16,50,,45076,103
12:31:17,50,,45077,104
12:31:17,50,,45077,104
12:31:17,50,,45077,104
12:31:17,50,,45077,104
12:31:18,50,,45078,105
12:31:18,49,,45078,105
12:31:18,49,,45078,105
12:31:18,49,,45078,105
12:31:19,49,,45079,106
12:31:19,49,,45079,106
12:31:19,49,,45079,106
12:31:19,49,,45079,106
12:31:20,49,,45080,107
12:31:20,49,,45080,107
12:31:20,49,,45080,107
12:31:20,49,,45080,107
12:31:21,49,,45081,108
12:31:21,49,,45081,108
12:31:21,49,,45081,108
12:31:21,49,,45081,108
12:31:22,49,,45082,109
12:31:22,49,,45082,109
12:31:22,49,,45082,109
12:31:23,49,,45083,110
12:31:23,49,,45083,110
12:31:23,49,,45083,110
12:31:23,49,,45083,110
12:31:24,49,,45084,111
12:31:24,49,,45084,111
12:31:24,49,,45084,111
12:31:24,49,,45084,111
12:31:25,49,,45085,112
12:31:25,49,,45085,112
12:31:25,49,,45085,112
12:31:25,48,,45085,112
12:31:26,48,,45086,113
12:31:26,48,,45086,113
12:31:26,48,,45086,113
12:31:26,48,,45086,113
12:31:27,48,,45087,114
12:31:27,48,,45087,114
12:31:27,48,,45087,114
12:31:27,48,,45087,114
12:31:28,48,,45088,115
12:31:28,48,,45088,115
12:31:28,48,,45088,115
12:31:28,48,,45088,115
12:31:29,48,,45089,116
12:31:29,48,,45089,116
12:31:29,48,,45089,116
12:31:30,48,,45090,117
12:31:30,48,,45090,117
12:31:30,48,,45090,117
12:31:30,48,,45090,117
12:31:31,48,,45091,118
12:31:31,48,,45091,118
12:31:31,48,,45091,118
12:31:31,48,,45091,118
12:31:32,48,,45092,119
12:31:32,48,,45092,119
12:31:32,48,,45092,119
12:31:32,48,,45092,119
12:31:33,48,,45093,120
12:31:33,48,,45093,120
12:31:33,47,,45093,120
12:31:33,47,,45093,120
12:31:34,47,,45094,121
12:31:34,47,,45094,121
12:31:34,47,,45094,121
12:31:34,47,,45094,121
12:31:35,47,,45095,122
12:31:35,47,,45095,122
12:31:35,47,,45095,122
12:31:35,47,,45095,122
12:31:36,47,,45096,123
12:31:36,47,,45096,123
12:31:36,47,,45096,123
12:31:37,47,,45097,124
12:31:37,47,,45097,124
12:31:37,47,,45097,124
12:31:37,47,,45097,124
12:31:38,47,,45098,125
12:31:38,47,,45098,125
12:31:38,47,,45098,125
12:31:38,47,,45098,125
12:31:39,47,,45099,126
12:31:39,47,,45099,126
12:31:39,47,,45099,126
12:31:39,47,,45099,126
12:31:40,47,,45100,127
12:31:40,47,,45100,127
12:31:40,47,,45100,127
12:31:40,47,,45100,127
12:31:41,47,,45101,128
12:31:41,47,,45101,128
12:31:41,47,,45101,128
12:31:41,47,,45101,128
12:31:42,47,,45102,129
12:31:42,47,,45102,129
12:31:42,47,,45102,129
12:31:42,47,,45102,129
12:31:43,46,,45103,130
12:31:43,46,,45103,130
12:31:43,46,,45103,130
12:31:44,46,,45104,131
12:31:44,46,,45104,131
12:31:44,46,,45104,131
12:31:44,46,,45104,131
12:31:45,46,,45105,132
12:31:45,46,,45105,132
12:31:45,46,,45105,132
12:31:45,46,,45105,132
12:31:46,46,,45106,133
12:31:46,46,,45106,133
12:31:46,46,,45106,133
12:31:46,46,,45106,133
12:31:47,46,,45107,134
12:31:47,46,,45107,134
12:31:47,46,,45107,134
12:31:47,46,,45107,134
12:31:48,46,,45108,135
12:31:48,46,,45108,135
12:31:48,46,,45108,135
12:31:48,46,,45108,135
12:31:49,46,,45109,136
12:31:49,46,,45109,136
12:31:49,46,,45109,136
12:31:50,46,,45110,137
12:31:50,46,,45110,137
12:31:50,46,,45110,137
12:31:50,46,,45110,137
12:31:51,46,,45111,138
12:31:51,46,,45111,138
12:31:51,46,,45111,138
12:31:51,46,,45111,138
12:31:52,46,,45112,139
12:31:52,46,,45112,139
12:31:52,46,,45112,139
12:31:52,46,,45112,139
12:31:53,46,,45113,140
12:31:53,45,,45113,140
12:31:53,45,,45113,140
12:31:53,45,,45113,140
12:31:54,45,,45114,141
12:31:54,45,,45114,141
12:31:54,45,,45114,141
12:31:54,45,,45114,141
12:31:55,45,,45115,142
12:31:55,45,,45115,142
12:31:55,45,,45115,142
12:31:55,45,,45115,142
12:31:56,45,,45116,143
12:31:56,45,,45116,143
12:31:56,45,,45116,143
12:31:57,45,,45117,144
12:31:57,45,,45117,144
12:31:57,45,,45117,144
12:31:57,45,,45117,144
12:31:58,45,,45118,145
12:31:58,45,,45118,145
12:31:58,45,,45118,145
12:31:58,45,,45118,145
12:31:59,45,,45119,146
12:31:59,45,,45119,146
12:31:59,45,,45119,146
12:31:59,45,,45119,146
12:32:00,45,,45120,147
12:32:00,45,,45120,147
12:32:00,45,,45120,147
12:32:00,45,,45120,147
12:32:01,45,,45121,148
12:32:01,45,,45121,148
12:32:01,45,,45121,148
12:32:01,45,,45121,148
12:32:02,45,,45122,149
12:32:02,45,,45122,149
12:32:02,45,,45122,149
12:32:03,45,,45123,150
12:32:03,45,,45123,150
12:32:03,45,,45123,150
12:32:03,44,,45123,150
12:32:04,44,,45124,151
12:32:04,44,,45124,151
12:32:04,44,,45124,151
12:32:04,44,,45124,151
12:32:05,44,,45125,152
12:32:05,44,,45125,152
12:32:05,44,,45125,152
12:32:05,44,,45125,152
12:32:06,44,,45126,153
12:32:06,44,,45126,153
12:32:06,44,,45126,153
12:32:06,44,,45126,153
12:32:07,44,,45127,154
12:32:07,44,,45127,154
12:32:07,44,,45127,154
12:32:07,44,,45127,154
12:32:08,44,,45128,155
12:32:08,44,,45128,155
12:32:08,44,,45128,155
12:32:08,44,,45128,155
12:32:09,44,,45129,156
12:32:09,44,,45129,156
12:32:09,44,,45129,156
12:32:10,44,,45130,157
12:32:10,44,,45130,157
12:32:10,44,,45130,157
12:32:10,44,,45130,157
12:32:11,44,,45131,158
12:32:11,44,,45131,158
12:32:11,44,,45131,158
12:32:11,44,,45131,158
12:32:12,44,,45132,159
12:32:12,44,,45132,159
12:32:12,44,,45132,159
12:32:12,44,,45132,159
12:32:13,44,,45133,160
12:32:13,44,,45133,160
12:32:13,44,,45133,160
12:32:13,44,,45133,160
12:32:14,44,,45134,161
12:32:14,44,,45134,161
12:32:14,44,,45134,161
12:32:14,44,,45134,161
12:32:15,44,,45135,162
12:32:15,44,,45135,162
12:32:15,44,,45135,162
12:32:16,43,,45136,163
12:32:16,43,,45136,163
12:32:16,43,,45136,163
12:32:16,43,,45136,163
12:32:17,43,,45137,164
12:32:17,43,,45137,164
12:32:17,43,,45137,164
12:32:17,43,,45137,164
12:32:18,43,,45138,165
12:32:18,43,,45138,165
12:32:18,43,,45138,165
12:32:18,43,,45138,165
12:32:19,43,,45139,166
12:32:19,43,,45139,166
12:32:19,43,,45139,166
12:32:19,43,,45139,166
12:32:20,43,,45140,167
12:32:20,43,,45140,167
12:32:20,43,,45140,167
12:32:20,43,,45140,167
12:32:21,43,,45141,168
12:32:21,43,,45141,168
12:32:21,43,,45141,168
12:32:21,43,,45141,168
12:32:22,43,,45142,169
12:32:22,43,,45142,169
12:32:22,43,,45142,169
12:32:23,43,,45143,170
12:32:23,43,,45143,170
12:32:23,43,,45143,170
12:32:23,43,,45143,170
12:32:24,43,,45144,171
12:32:24,43,,45144,171
12:32:24,43,,45144,171
12:32:24,43,,45144,171
12:32:25,43,,45145,172
12:32:25,43,,45145,172
12:32:25,43,,45145,172
12:32:25,43,,45145,172
12:32:26,43,,45146,173
12:32:26,43,,45146,173
12:32:26,43,,45146,173
12:32:26,43,,45146,173
12:32:27,43,,45147,174
12:32:27,43,,45147,174
12:32:27,43,,45147,174
12:32:27,43,,45147,174
12:32:28,43,,45148,175
12:32:28,43,,45148,175
12:32:28,43,,45148,175
12:32:28,43,,45148,175
12:32:29,43,,45149,176
12:32:29,43,,45149,176
12:32:29,43,,45149,176
12:32:29,43,,45149,176
12:32:30,43,,45150,177
12:32:30,43,,45150,177
12:32:30,43,,45150,177
12:32:31,43,,45151,178
12:32:31,43,,45151,178
12:32:31,43,,45151,178
12:32:31,42,,45151,178
12:32:32,42,,45152,179
12:32:32,42,,45152,179
12:32:32,42,,45152,179
12:32:32,42,,45152,179
12:32:33,42,,45153,180
12:32:33,42,,45153,180
12:32:33,42,,45153,180
12:32:33,42,,45153,180
12:32:34,42,,45154,181
12:32:34,42,,45154,181
12:32:34,42,,45154,181
12:32:34,42,,45154,181
12:32:35,42,,45155,182
12:32:35,42,,45155,182
12:32:35,42,,45155,182
12:32:35,42,,45155,182
12:32:36,42,,45156,183
12:32:36,42,,45156,183
12:32:36,42,,45156,183
12:32:37,42,,45157,184
12:32:37,42,,45157,184
12:32:37,42,,45157,184
12:32:37,42,,45157,184
12:32:38,42,,45158,185
12:32:38,42,,45158,185
12:32:38,42,,45158,185
12:32:38,42,,45158,185
12:32:39,42,,45159,186
12:32:39,42,,45159,186
12:32:39,42,,45159,186
12:32:39,42,,45159,186
12:32:40,42,,45160,187
12:32:40,42,,45160,187
12:32:40,42,,45160,187
12:32:40,42,,45160,187
12:32:41,42,,45161,188
12:32:41,42,,45161,188
12:32:41,42,,45161,188
12:32:41,42,,45161,188
12:32:42,42,,45162,189
12:32:42,42,,45162,189
12:32:42,42,,45162,189
12:32:43,42,,45163,190
12:32:43,42,,45163,190
12:32:43,42,,45163,190
12:32:43,41,,45163,190
12:32:44,41,,45164,191
12:32:44,41,,45164,191
12:32:44,41,,45164,191
12:32:44,41,,45164,191
12:32:45,41,,45165,192
12:32:45,41,,45165,192
12:32:45,41,,45165,192
12:32:45,41,,45165,192
12:32:46,41,,45166,193
12:32:46,41,,45166,193
12:32:46,41,,45166,193
12:32:46,41,,45166,193
12:32:47,41,,45167,194
12:32:47,41,,45167,194
12:32:47,41,,45167,194
12:32:47,41,,45167,194
12:32:48,41,,45168,195
12:32:48,41,,45168,195
12:32:48,41,,45168,195
12:32:48,41,,45168,195
12:32:49,41,,45169,196
12:32:49,41,,45169,196
12:32:49,41,,45169,196
12:32:49,41,,45169,196
12:32:50,41,,45170,197
12:32:50,41,,45170,197
12:32:50,41,,45170,197
12:32:51,41,,45171,198
12:32:51,41,,45171,198
12:32:51,41,,45171,198
12:32:51,41,,45171,198
12:32:52,41,,45172,199
12:32:52,41,,45172,199
12:32:52,41,,45172,199
12:32:52,41,,45172,199
12:32:53,41,,45173,200
12:32:53,41,,45173,200
12:32:53,41,,45173,200
12:32:53,41,,45173,200
12:32:54,41,,45174,201
12:32:54,41,,45174,201
12:32:54,41,,45174,201
12:32:54,41,,45174,201
12:32:55,41,,45175,202
12:32:55,41,,45175,202
12:32:55,41,,45175,202
12:32:55,41,,45175,202
12:32:56,41,,45176,203
12:32:56,41,,45176,203
12:32:56,41,,45176,203
12:32:56,41,,45176,203
12:32:57,41,,45177,204
12:32:57,41,,45177,204
12:32:57,41,,45177,204
12:32:58,41,,45178,205
12:32:58,41,,45178,205
12:32:58,41,,45178,205
12:32:58,41,,45178,205
12:32:59,41,,45179,206
12:32:59,41,,45179,206
12:32:59,41,,45179,206
12:32:59,41,,45179,206
12:33:00,41,,45180,207
12:33:00,41,,45180,207
12:33:00,41,,45180,207
12:33:00,41,,45180,207
12:33:01,41,,45181,208
12:33:01,41,,45181,208
12:33:01,41,,45181,208
12:33:01,41,,45181,208
12:33:02,41,,45182,209
12:33:02,41,,45182,209
12:33:02,41,,45182,209
12:33:02,41,,45182,209
12:33:03,41,,45183,210
12:33:03,41,,45183,210
12:33:03,41,,45183,210
12:33:03,41,,45183,210
12:33:04,41,,45184,211
12:33:04,41,,45184,211
12:33:04,41,,45184,211
12:33:05,41,,45185,212
12:33:05,41,,45185,212
12:33:05,41,,45185,212
12:33:05,41,,45185,212
12:33:06,41,,45186,213
12:33:06,41,,45186,213
12:33:06,41,,45186,213
12:33:06,41,,45186,213
12:33:07,41,,45187,214
12:33:07,41,,45187,214
12:33:07,41,,45187,214
12:33:07,41,,45187,214
12:33:08,41,,45188,215
12:33:08,41,,45188,215
12:33:08,40,,45188,215
12:33:08,40,,45188,215
12:33:09,40,,45189,216
12:33:09,40,,45189,216
12:33:09,40,,45189,216
12:33:09,40,,45189,216
12:33:10,40,,45190,217
12:33:10,40,,45190,217
12:33:10,40,,45190,217
12:33:10,40,,45190,217
12:33:11,40,,45191,218
12:33:11,40,,45191,218
12:33:11,40,,45191,218
12:33:12,40,,45192,219
12:33:12,40,,45192,219
12:33:12,40,,45192,219
12:33:12,40,,45192,219
12:33:13,40,,45193,220
12:33:13,40,,45193,220
12:33:13,40,,45193,220
12:33:13,40,,45193,220
12:33:14,40,,45194,221
12:33:14,40,,45194,221
12:33:14,40,,45194,221
12:33:14,40,,45194,221
12:33:15,40,,45195,222
12:33:15,40,,45195,222
12:33:15,40,,45195,222
12:33:15,40,,45195,222
12:33:16,40,,45196,223
12:33:16,40,,45196,223
12:33:16,40,,45196,223
12:33:16,40,,45196,223
12:33:17,40,,45197,224
12:33:17,40,,45197,224
12:33:17,40,,45197,224
12:33:17,40,,45197,224
12:33:18,40,,45198,225
12:33:18,40,,45198,225
12:33:18,40,,45198,225
12:33:18,40,,45198,225
12:33:19,40,,45199,226
12:33:19,40,,45199,226
12:33:19,40,,45199,226
12:33:20,40,,45200,227
12:33:20,40,,45200,227
12:33:20,40,,45200,227
12:33:20,40,,45200,227
12:33:21,40,,45201,228
12:33:21,40,,45201,228
12:33:21,40,,45201,228
12:33:21,40,,45201,228
12:33:22,40,,45202,229
12:33:22,40,,45202,229
12:33:22,40,,45202,229
12:33:22,40,,45202,229
12:33:23,40,,45203,230
12:33:23,40,,45203,230
12:33:23,40,,45203,230
12:33:23,40,,45203,230
12:33:24,40,,45204,231
12:33:24,40,,45204,231
12:33:24,40,,45204,231
12:33:24,40,,45204,231
12:33:25,40,,45205,232
12:33:25,40,,45205,232
12:33:25,40,,45205,232
12:33:25,40,,45205,232
12:33:26,40,,45206,233
12:33:26,40,,45206,233
12:33:26,40,,45206,233
12:33:26,40,,45206,233
12:33:27,40,,45207,234
12:33:27,40,,45207,234
12:33:27,40,,45207,234
12:33:28,40,,45208,235
12:33:28,40,,45208,235
12:33:28,40,,45208,235
12:33:28,40,,45208,235
12:33:29,40,,45209,236
12:33:29,40,,45209,236
12:33:29,40,,45209,236
12:33:29,40,,45209,236
12:33:30,40,,45210,237
12:33:30,40,,45210,237
12:33:30,40,,45210,237
12:33:30,39,,45210,237
12:33:31,39,,45211,238
12:33:31,39,,45211,238
12:33:31,39,,45211,238
12:33:31,39,,45211,238
12:33:32,39,,45212,239
12:33:32,39,,45212,239
12:33:32,39,,45212,239
12:33:32,39,,45212,239
12:33:33,39,,45213,240
12:33:33,39,,45213,240
12:33:33,39,,45213,240
12:33:33,39,,45213,240
12:33:34,39,,45214,241
12:33:34,39,,45214,241
12:33:34,39,,45214,241
12:33:35,39,,45215,242
12:33:35,39,,45215,242
12:33:35,39,,45215,242
12:33:35,39,,45215,242
12:33:36,39,,45216,243
12:33:36,39,,45216,243
12:33:36,39,,45216,243
12:33:36,39,,45216,243
12:33:37,39,,45217,244
12:33:37,39,,45217,244
12:33:37,39,,45217,244
12:33:37,39,,45217,244
12:33:38,39,,45218,245
12:33:38,39,,45218,245
12:33:38,39,,45218,245
12:33:38,39,,45218,245
12:33:39,39,,45219,246
12:33:39,39,,45219,246
12:33:39,39,,45219,246
12:33:39,39,,45219,246
12:33:40,39,,45220,247
12:33:40,39,,45220,247
12:33:40,39,,45220,247
12:33:41,39,,45221,248
12:33:41,39,,45221,248
12:33:41,39,,45221,248
12:33:41,39,,45221,248
12:33:42,39,,45222,249
12:33:42,39,,45222,249
12:33:42,39,,45222,249
12:33:42,39,,45222,249
12:33:43,39,,45223,250
12:33:43,39,,45223,250
12:33:43,39,,45223,250
12:33:43,39,,45223,250
12:33:44,39,,45224,251
12:33:44,39,,45224,251
12:33:44,39,,45224,251
12:33:44,39,,45224,251
12:33:45,39,,45225,252
12:33:45,39,,45225,252
12:33:45,39,,45225,252
12:33:45,39,,45225,252
12:33:46,39,,45226,253
12:33:46,39,,45226,253
12:33:46,39,,45226,253
12:33:47,39,,45227,254
12:33:47,39,,45227,254
12:33:47,39,,45227,254
12:33:47,39,,45227,254
12:33:48,39,,45228,255
12:33:48,39,,45228,255
12:33:48,39,,45228,255
12:33:48,39,,45228,255
12:33:49,39,,45229,256
12:33:49,39,,45229,256
12:33:49,39,,45229,256
12:33:49,39,,45229,256
12:33:50,39,,45230,257
12:33:50,39,,45230,257
12:33:50,39,,45230,257
12:33:50,39,,45230,257
12:33:51,39,,45231,258
12:33:51,39,,45231,258
12:33:51,39,,45231,258
12:33:51,39,,45231,258
12:33:52,39,,45232,259
12:33:52,39,,45232,259
12:33:52,39,,45232,259
12:33:52,39,,45232,259
12:33:53,39,,45233,260
12:33:53,39,,45233,260
12:33:53,39,,45233,260
12:33:54,39,,45234,261
12:33:54,39,,45234,261
12:33:54,39,,45234,261
12:33:54,39,,45234,261
12:33:55,39,,45235,262
12:33:55,39,,45235,262
12:33:55,39,,45235,262
12:33:55,39,,45235,262
12:33:56,39,,45236,263
12:33:56,39,,45236,263
12:33:56,39,,45236,263
12:33:56,39,,45236,263
12:33:57,39,,45237,264
12:33:57,39,,45237,264
12:33:57,39,,45237,264
12:33:57,39,,45237,264
12:33:58,39,,45238,265
12:33:58,39,,45238,265
12:33:58,39,,45238,265
12:33:58,39,,45238,265
12:33:59,39,,45239,266
12:33:59,39,,45239,266
12:33:59,39,,45239,266
12:33:59,39,,45239,266
12:34:00,39,,45240,267
12:34:00,39,,45240,267
12:34:00,39,,45240,267
12:34:01,39,,45241,268
12:34:01,39,,45241,268
12:34:01,39,,45241,268
12:34:01,38,,45241,268
12:34:02,38,,45242,269
12:34:02,38,,45242,269
12:34:02,38,,45242,269
12:34:02,38,,45242,269
12:34:03,38,,45243,270
12:34:03,38,,45243,270
12:34:03,38,,45243,270
12:34:03,38,,45243,270
12:34:04,38,,45244,271
12:34:04,38,,45244,271
12:34:04,38,,45244,271
12:34:04,38,,45244,271
12:34:05,38,,45245,272
12:34:05,38,,45245,272
12:34:05,38,,45245,272
12:34:05,38,,45245,272
12:34:06,38,,45246,273
12:34:06,38,,45246,273
12:34:06,38,,45246,273
12:34:07,38,,45247,274
12:34:07,38,,45247,274
12:34:07,38,,45247,274
12:34:07,38,,45247,274
12:34:08,38,,45248,275
12:34:08,38,,45248,275
12:34:08,38,,45248,275
12:34:08,38,,45248,275
12:34:09,38,,45249,276
12:34:09,38,,45249,276
12:34:09,38,,45249,276
12:34:09,38,,45249,276
12:34:10,38,,45250,277
12:34:10,38,,45250,277
12:34:10,38,,45250,277
12:34:10,38,,45250,277
12:34:11,38,,45251,278
12:34:11,38,,45251,278
12:34:11,38,,45251,278
12:34:11,38,,45251,278
12:34:12,38,,45252,279
12:34:12,38,,45252,279
12:34:12,38,,45252,279
12:34:12,38,,45252,279
12:34:13,38,,45253,280
12:34:13,38,,45253,280
12:34:13,38,,45253,280
12:34:14,38,,45254,281
12:34:14,38,,45254,281
12:34:14,38,,45254,281
12:34:14,38,,45254,281
12:34:15,38,,45255,282
12:34:15,38,,45255,282
12:34:15,38,,45255,282
12:34:15,38,,45255,282
12:34:16,38,,45256,283
12:34:16,38,,45256,283
12:34:16,38,,45256,283
12:34:16,38,,45256,283
12:34:17,38,,45257,284
12:34:17,38,,45257,284
12:34:17,38,,45257,284
12:34:17,38,,45257,284
12:34:18,38,,45258,285
12:34:18,38,,45258,285
12:34:18,38,,45258,285
12:34:18,38,,45258,285
12:34:19,38,,45259,286
12:34:19,38,,45259,286
12:34:19,38,,45259,286
12:34:19,38,,45259,286
12:34:20,38,,45260,287
12:34:20,38,,45260,287
12:34:20,38,,45260,287
12:34:21,38,,45261,288
12:34:21,38,,45261,288
12:34:21,38,,45261,288
12:34:21,38,,45261,288
12:34:22,38,,45262,289
12:34:22,38,,45262,289
12:34:22,38,,45262,289
12:34:22,38,,45262,289
12:34:23,38,,45263,290
12:34:23,38,,45263,290
12:34:23,38,,45263,290
12:34:23,38,,45263,290
12:34:24,38,,45264,291
12:34:24,38,,45264,291
12:34:24,38,,45264,291
12:34:24,38,,45264,291
12:34:25,38,,45265,292
12:34:25,38,,45265,292
12:34:25,38,,45265,292
12:34:25,38,,45265,292
12:34:26,38,,45266,293
12:34:26,38,,45266,293
12:34:26,38,,45266,293
12:34:26,38,,45266,293
12:34:27,38,,45267,294
12:34:27,38,,45267,294
12:34:27,38,,45267,294
12:34:28,38,,45268,295
12:34:28,38,,45268,295
12:34:28,38,,45268,295
12:34:28,38,,45268,295
12:34:29,38,,45269,296
12:34:29,38,,45269,296
12:34:29,38,,45269,296
12:34:29,38,,45269,296
12:34:30,38,,45270,297
12:34:30,38,,45270,297
12:34:30,38,,45270,297
12:34:30,38,,45270,297
12:34:31,38,,45271,298
12:34:31,38,,45271,298
12:34:31,38,,45271,298
12:34:31,38,,45271,298
12:34:32,38,,45272,299
12:34:32,38,,45272,299
12:34:32,38,,45272,299
12:34:32,38,,45272,299
12:34:33,38,,45273,300
12:34:33,38,,45273,300
12:34:33,38,,45273,300
12:34:34,38,,45274,301
12:34:34,38,,45274,301
12:34:34,38,,45274,301
12:34:34,38,,45274,301
12:34:35,38,,45275,302
12:34:35,38,,45275,302
12:34:35,38,,45275,302
12:34:35,38,,45275,302
12:34:36,38,,45276,303
12:34:36,38,,45276,303
12:34:36,38,,45276,303
12:34:36,38,,45276,303
12:34:37,38,,45277,304
12:34:37,38,,45277,304
12:34:37,38,,45277,304
12:34:37,38,,45277,304
12:34:38,38,,45278,305
12:34:38,38,,45278,305
12:34:38,38,,45278,305
12:34:38,38,,45278,305
12:34:39,38,,45279,306
12:34:39,38,,45279,306
12:34:39,38,,45279,306
12:34:40,38,,45280,307
12:34:40,38,,45280,307
12:34:40,38,,45280,307
12:34:40,38,,45280,307
12:34:41,38,,45281,308
12:34:41,38,,45281,308
12:34:41,38,,45281,308
12:34:41,38,,45281,308
12:34:42,38,,45282,309
12:34:42,38,,45282,309
12:34:42,38,,45282,309
12:34:42,38,,45282,309
12:34:43,38,,45283,310
12:34:43,38,,45283,310
12:34:43,38,,45283,310
12:34:43,38,,45283,310
12:34:44,38,,45284,311
12:34:44,38,,45284,311
12:34:44,38,,45284,311
12:34:44,38,,45284,311
12:34:45,38,,45285,312
12:34:45,38,,45285,312
12:34:45,37,,45285,312
12:34:45,37,,45285,312
12:34:46,37,,45286,313
12:34:46,37,,45286,313
12:34:46,37,,45286,313
12:34:46,37,,45286,313
12:34:47,37,,45287,314
12:34:47,37,,45287,314
12:34:47,37,,45287,314
12:34:47,37,,45287,314
12:34:48,37,,45288,315
12:34:48,37,,45288,315
12:34:48,37,,45288,315
12:34:49,37,,45289,316
12:34:49,37,,45289,316
12:34:49,37,,45289,316
12:34:49,37,,45289,316
12:34:50,37,,45290,317
12:34:50,37,,45290,317
12:34:50,37,,45290,317
12:34:50,37,,45290,317
12:34:51,37,,45291,318
12:34:51,37,,45291,318
12:34:51,37,,45291,318
12:34:51,37,,45291,318
12:34:52,37,,45292,319
12:34:52,37,,45292,319
12:34:52,37,,45292,319
12:34:52,37,,45292,319
12:34:53,37,,45293,320
12:34:53,37,,45293,320
12:34:53,37,,45293,320
12:34:53,37,,45293,320
12:34:54,37,,45294,321
12:34:54,37,,45294,321
12:34:54,37,,45294,321
12:34:55,37,,45295,322
12:34:55,37,,45295,322
12:34:55,37,,45295,322
12:34:55,37,,45295,322
12:34:56,37,,45296,323
12:34:56,37,,45296,323
12:34:56,37,,45296,323
12:34:56,37,,45296,323
12:34:57,37,,45297,324
12:34:57,37,,45297,324
12:34:57,37,,45297,324
12:34:57,37,,45297,324
12:34:58,37,,45298,325
12:34:58,37,,45298,325
12:34:58,37,,45298,325
12:34:58,37,,45298,325
12:34:59,37,,45299,326
12:34:59,37,,45299,326
12:34:59,37,,45299,326
12:34:59,37,,45299,326
12:35:00,37,,45300,327
12:35:00,37,,45300,327
12:35:00,37,,45300,327
12:35:01,37,,45301,328
12:35:01,37,,45301,328
12:35:01,37,,45301,328
12:35:01,37,,45301,328
12:35:02,37,,45302,329
12:35:02,37,,45302,329
12:35:02,37,,45302,329
12:35:02,37,,45302,329
12:35:03,37,,45303,330
12:35:03,37,,45303,330
12:35:03,37,,45303,330
12:35:03,37,,45303,330
12:35:04,37,,45304,331
12:35:04,37,,45304,331
12:35:04,37,,45304,331
12:35:04,37,,45304,331
12:35:05,37,,45305,332
12:35:05,37,,45305,332
12:35:05,37,,45305,332
12:35:05,37,,45305,332
12:35:06,37,,45306,333
12:35:06,37,,45306,333
12:35:06,37,,45306,333
12:35:06,37,,45306,333
12:35:07,37,,45307,334
12:35:07,37,,45307,334
12:35:07,37,,45307,334
12:35:07,37,,45307,334
12:35:08,37,,45308,335
12:35:08,37,,45308,335
12:35:08,37,,45308,335
12:35:09,37,,45309,336
12:35:09,37,,45309,336
12:35:09,37,,45309,336
12:35:09,37,,45309,336
12:35:10,37,,45310,337
12:35:10,37,,45310,337
12:35:10,37,,45310,337
12:35:10,37,,45310,337
12:35:11,37,,45311,338
12:35:11,37,,45311,338
12:35:11,37,,45311,338
12:35:11,37,,45311,338
12:35:12,37,,45312,339
12:35:12,37,,45312,339
12:35:12,37,,45312,339
12:35:12,37,,45312,339
12:35:13,37,,45313,340
12:35:13,37,,45313,340
12:35:13,37,,45313,340
12:35:13,37,,45313,340
12:35:14,37,,45314,341
12:35:14,37,,45314,341
12:35:14,37,,45314,341
12:35:14,37,,45314,341
12:35:15,37,,45315,342
12:35:15,37,,45315,342
12:35:15,37,,45315,342
12:35:15,37,,45315,342
12:35:16,37,,45316,343
12:35:16,37,,45316,343
12:35:16,37,,45316,343
12:35:17,37,,45317,344
12:35:17,37,,45317,344
12:35:17,37,,45317,344
12:35:17,37,,45317,344
12:35:18,37,,45318,345
12:35:18,37,,45318,345
12:35:18,37,,45318,345
12:35:18,37,,45318,345
12:35:19,37,,45319,346
12:35:19,37,,45319,346
12:35:19,37,,45319,346
12:35:19,37,,45319,346
12:35:20,37,,45320,347
12:35:20,37,,45320,347
12:35:20,37,,45320,347
12:35:20,37,,45320,347
12:35:21,37,,45321,348
12:35:21,37,,45321,348
12:35:21,37,,45321,348
12:35:21,37,,45321,348
12:35:22,37,,45322,349
12:35:22,37,,45322,349
12:35:22,37,,45322,349
12:35:22,37,,45322,349
12:35:23,37,,45323,350
12:35:23,37,,45323,350
12:35:23,37,,45323,350
12:35:24,37,,45324,351
12:35:24,37,,45324,351
12:35:24,37,,45324,351
12:35:24,37,,45324,351
12:35:25,37,,45325,352
12:35:25,37,,45325,352
12:35:25,37,,45325,352
12:35:25,37,,45325,352
12:35:26,37,,45326,353
12:35:26,37,,45326,353
12:35:26,37,,45326,353
12:35:26,37,,45326,353
12:35:27,37,,45327,354
12:35:27,37,,45327,354
12:35:27,37,,45327,354
12:35:27,37,,45327,354
12:35:28,37,,45328,355
12:35:28,37,,45328,355
12:35:28,37,,45328,355
12:35:28,37,,45328,355
12:35:29,37,,45329,356
12:35:29,37,,45329,356
12:35:29,37,,45329,356
12:35:29,37,,45329,356
12:35:30,37,,45330,357
12:35:30,37,,45330,357
12:35:30,37,,45330,357
12:35:31,37,,45331,358
12:35:31,37,,45331,358
12:35:31,37,,45331,358
12:35:31,37,,45331,358
12:35:32,37,,45332,359
12:35:32,37,,45332,359
12:35:32,37,,45332,359
12:35:32,37,,45332,359
12:35:33,37,,45333,360
12:35:33,37,,45333,360
12:35:33,37,,45333,360
12:35:33,37,,45333,360
12:35:34,37,,45334,361
12:35:34,37,,45334,361
12:35:34,37,,45334,361
12:35:34,37,,45334,361
12:35:35,37,,45335,362
12:35:35,37,,45335,362
12:35:35,37,,45335,362
12:35:36,37,,45336,363
12:35:36,37,,45336,363
12:35:36,37,,45336,363
12:35:36,37,,45336,363
12:35:37,37,,45337,364
12:35:37,37,,45337,364
12:35:37,37,,45337,364
12:35:37,37,,45337,364
12:35:38,37,,45338,365
12:35:38,37,,45338,365
12:35:38,37,,45338,365
12:35:38,37,,45338,365
12:35:39,37,,45339,366
12:35:39,37,,45339,366
12:35:39,37,,45339,366
12:35:39,37,,45339,366
12:35:40,37,,45340,367
12:35:40,37,,45340,367
12:35:40,37,,45340,367
12:35:40,37,,45340,367
12:35:41,37,,45341,368
12:35:41,37,,45341,368
12:35:41,37,,45341,368
12:35:42,37,,45342,369
12:35:42,37,,45342,369
12:35:42,37,,45342,369
12:35:42,37,,45342,369
12:35:43,37,,45343,370
12:35:43,37,,45343,370
12:35:43,37,,45343,370
12:35:43,37,,45343,370
12:35:44,37,,45344,371
12:35:44,37,,45344,371
12:35:44,37,,45344,371
12:35:44,37,,45344,371
12:35:45,37,,45345,372
12:35:45,37,,45345,372
12:35:45,37,,45345,372
12:35:45,37,,45345,372
12:35:46,37,,45346,373
12:35:46,37,,45346,373
12:35:46,37,,45346,373
12:35:46,37,,45346,373
12:35:47,37,,45347,374
12:35:47,37,,45347,374
12:35:47,37,,45347,374
12:35:48,37,,45348,375
12:35:48,37,,45348,375
12:35:48,37,,45348,375
12:35:48,37,,45348,375
12:35:49,37,,45349,376
12:35:49,37,,45349,376
12:35:49,37,,45349,376
12:35:49,37,,45349,376
12:35:50,37,,45350,377
12:35:50,37,,45350,377
12:35:50,37,,45350,377
12:35:50,37,,45350,377
12:35:51,37,,45351,378
12:35:51,37,,45351,378
12:35:51,37,,45351,378
12:35:51,37,,45351,378
12:35:52,37,,45352,379
12:35:52,37,,45352,379
12:35:52,37,,45352,379
12:35:52,37,,45352,379
12:35:53,37,,45353,380
12:35:53,37,,45353,380
12:35:53,37,,45353,380
12:35:53,37,,45353,380
12:35:54,37,,45354,381
12:35:54,37,,45354,381
12:35:54,37,,45354,381
12:35:54,37,,45354,381
12:35:55,37,,45355,382
12:35:55,37,,45355,382
12:35:55,37,,45355,382
12:35:56,37,,45356,383
12:35:56,37,,45356,383
12:35:56,37,,45356,383
12:35:56,37,,45356,383
12:35:57,37,,45357,384
12:35:57,37,,45357,384
12:35:57,37,,45357,384
12:35:57,37,,45357,384
12:35:58,37,,45358,385
12:35:58,37,,45358,385
12:35:58,37,,45358,385
12:35:58,37,,45358,385
12:35:59,37,,45359,386
12:35:59,37,,45359,386
12:35:59,37,,45359,386
12:35:59,37,,45359,386
12:36:00,37,,45360,387
12:36:00,37,,45360,387
12:36:00,37,,45360,387
12:36:00,37,,45360,387
12:36:01,37,,45361,388
12:36:01,37,,45361,388
12:36:01,37,,45361,388
12:36:01,37,,45361,388
12:36:02,37,,45362,389
12:36:02,37,,45362,389
12:36:02,37,,45362,389
12:36:03,37,,45363,390
12:36:03,37,,45363,390
12:36:03,37,,45363,390
12:36:03,37,,45363,390
12:36:04,37,,45364,391
12:36:04,37,,45364,391
12:36:04,37,,45364,391
12:36:04,37,,45364,391
12:36:05,37,,45365,392
12:36:05,37,,45365,392
12:36:05,37,,45365,392
12:36:05,37,,45365,392
12:36:06,37,,45366,393
12:36:06,37,,45366,393
12:36:06,37,,45366,393
12:36:06,37,,45366,393
12:36:07,37,,45367,394
12:36:07,37,,45367,394
12:36:07,37,,45367,394
12:36:07,37,,45367,394
12:36:08,37,,45368,395
12:36:08,37,,45368,395
12:36:08,37,,45368,395
12:36:08,37,,45368,395
12:36:09,37,,45369,396
12:36:09,37,,45369,396
12:36:09,37,,45369,396
12:36:09,37,,45369,396
12:36:10,37,,45370,397
12:36:10,37,,45370,397
12:36:10,37,,45370,397
12:36:11,37,,45371,398
12:36:11,37,,45371,398
12:36:11,37,,45371,398
12:36:11,37,,45371,398
12:36:12,37,,45372,399
12:36:12,36,,45372,399
12:36:12,36,,45372,399
12:36:12,36,,45372,399
12:36:13,36,,45373,400
12:36:13,36,,45373,400
12:36:13,36,,45373,400
12:36:13,36,,45373,400
12:36:14,36,,45374,401
12:36:14,36,,45374,401
12:36:14,36,,45374,401
12:36:14,36,,45374,401
12:36:15,36,,45375,402
12:36:15,36,,45375,402
12:36:15,36,,45375,402
12:36:15,36,,45375,402
12:36:16,36,,45376,403
12:36:16,36,,45376,403
12:36:16,36,,45376,403
12:36:17,36,,45377,404
12:36:17,36,,45377,404
12:36:17,36,,45377,404
12:36:17,36,,45377,404
12:36:18,36,,45378,405
12:36:18,36,,45378,405
12:36:18,36,,45378,405
12:36:18,36,,45378,405
12:36:19,36,,45379,406
12:36:19,36,,45379,406
12:36:19,36,,45379,406
12:36:19,36,,45379,406
12:36:20,36,,45380,407
12:36:20,36,,45380,407
12:36:20,36,,45380,407
12:36:20,36,,45380,407
12:36:21,36,,45381,408
12:36:21,36,,45381,408
12:36:21,36,,45381,408
12:36:21,36,,45381,408
12:36:22,36,,45382,409
12:36:22,36,,45382,409
12:36:22,36,,45382,409
12:36:22,36,,45382,409
12:36:23,36,,45383,410
12:36:23,36,,45383,410
12:36:23,36,,45383,410
12:36:24,36,,45384,411
12:36:24,36,,45384,411
12:36:24,36,,45384,411
12:36:24,36,,45384,411
12:36:25,36,,45385,412
12:36:25,36,,45385,412
12:36:25,36,,45385,412
12:36:25,36,,45385,412
12:36:26,36,,45386,413
12:36:26,36,,45386,413
12:36:26,36,,45386,413
12:36:26,36,,45386,413
12:36:27,36,,45387,414
12:36:27,36,,45387,414
12:36:27,36,,45387,414
12:36:27,36,,45387,414
12:36:28,36,,45388,415
12:36:28,36,,45388,415
12:36:28,36,,45388,415
12:36:28,36,,45388,415
12:36:29,36,,45389,416
12:36:29,36,,45389,416
12:36:29,36,,45389,416
12:36:29,36,,45389,416
12:36:30,36,,45390,417
12:36:30,36,,45390,417
12:36:30,36,,45390,417
12:36:31,36,,45391,418
12:36:31,36,,45391,418
12:36:31,36,,45391,418
12:36:31,36,,45391,418
12:36:32,36,,45392,419
12:36:32,36,,45392,419
12:36:32,36,,45392,419
12:36:32,36,,45392,419
12:36:33,36,,45393,420
12:36:33,36,,45393,420
12:36:33,36,,45393,420
12:36:33,36,,45393,420
12:36:34,36,,45394,421
12:36:34,36,,45394,421
12:36:34,36,,45394,421
12:36:34,36,,45394,421
12:36:35,36,,45395,422
12:36:35,36,,45395,422
12:36:35,36,,45395,422
12:36:35,36,,45395,422
12:36:36,36,,45396,423
12:36:36,36,,45396,423
12:36:36,36,,45396,423
12:36:36,36,,45396,423
12:36:37,36,,45397,424
12:36:37,36,,45397,424
12:36:37,36,,45397,424
12:36:38,36,,45398,425
12:36:38,36,,45398,425
12:36:38,36,,45398,425
12:36:38,36,,45398,425
12:36:39,36,,45399,426
12:36:39,36,,45399,426
12:36:39,36,,45399,426
12:36:39,36,,45399,426
12:36:40,36,,45400,427
12:36:40,36,,45400,427
12:36:40,36,,45400,427
12:36:40,36,,45400,427
12:36:41,36,,45401,428
12:36:41,36,,45401,428
12:36:41,36,,45401,428
12:36:41,36,,45401,428
12:36:42,36,,45402,429
12:36:42,36,,45402,429
12:36:42,36,,45402,429
12:36:42,36,,45402,429
12:36:43,36,,45403,430
12:36:43,36,,45403,430
12:36:43,36,,45403,430
12:36:43,36,,45403,430
12:36:44,36,,45404,431
12:36:44,36,,45404,431
12:36:44,36,,45404,431
12:36:44,36,,45404,431
12:36:45,36,,45405,432
12:36:45,36,,45405,432
12:36:45,36,,45405,432
12:36:45,36,,45405,432
12:36:46,36,,45406,433
12:36:46,36,,45406,433
12:36:46,36,,45406,433
12:36:47,36,,45407,434
12:36:47,36,,45407,434
12:36:47,36,,45407,434
12:36:47,36,,45407,434
12:36:48,36,,45408,435
12:36:48,36,,45408,435
12:36:48,36,,45408,435
12:36:48,36,,45408,435
12:36:49,36,,45409,436
12:36:49,36,,45409,436
12:36:49,36,,45409,436
12:36:49,36,,45409,436
12:36:50,36,,45410,437
12:36:50,36,,45410,437
12:36:50,36,,45410,437
12:36:50,36,,45410,437
12:36:51,36,,45411,438
12:36:51,36,,45411,438
12:36:51,36,,45411,438
12:36:51,36,,45411,438
12:36:52,36,,45412,439
12:36:52,36,,45412,439
12:36:52,36,,45412,439
12:36:53,36,,45413,440
12:36:53,36,,45413,440
12:36:53,36,,45413,440
12:36:53,36,,45413,440
12:36:54,36,,45414,441
12:36:54,36,,45414,441
12:36:54,36,,45414,441
12:36:54,36,,45414,441
12:36:55,36,,45415,442
12:36:55,36,,45415,442
12:36:55,36,,45415,442
12:36:55,36,,45415,442
12:36:56,36,,45416,443
12:36:56,36,,45416,443
12:36:56,36,,45416,443
12:36:56,36,,45416,443
12:36:57,36,,45417,444
12:36:57,36,,45417,444
12:36:57,36,,45417,444
12:36:57,36,,45417,444
12:36:58,36,,45418,445
12:36:58,36,,45418,445
12:36:58,36,,45418,445
12:36:59,36,,45419,446
12:36:59,36,,45419,446
12:36:59,36,,45419,446
12:36:59,36,,45419,446
12:37:00,36,,45420,447
12:37:00,36,,45420,447
12:37:00,36,,45420,447
12:37:00,36,,45420,447
12:37:01,36,,45421,448
12:37:01,36,,45421,448
12:37:01,36,,45421,448
12:37:01,36,,45421,448
12:37:02,36,,45422,449
12:37:02,36,,45422,449
12:37:02,36,,45422,449
12:37:02,36,,45422,449
12:37:03,36,,45423,450
12:37:03,36,,45423,450
12:37:03,36,,45423,450
12:37:03,36,,45423,450
12:37:04,36,,45424,451
12:37:04,36,,45424,451
12:37:04,36,,45424,451
12:37:05,36,,45425,452
12:37:05,36,,45425,452
12:37:05,36,,45425,452
12:37:05,36,,45425,452
12:37:06,36,,45426,453
12:37:06,36,,45426,453
12:37:06,36,,45426,453
12:37:06,36,,45426,453
12:37:07,36,,45427,454
12:37:07,36,,45427,454
12:37:07,36,,45427,454
12:37:07,36,,45427,454
12:37:08,36,,45428,455
12:37:08,36,,45428,455
12:37:08,36,,45428,455
12:37:08,36,,45428,455
12:37:09,36,,45429,456
12:37:09,36,,45429,456
12:37:09,36,,45429,456
12:37:09,36,,45429,456
12:37:10,36,,45430,457
12:37:10,36,,45430,457
12:37:10,36,,45430,457
12:37:11,36,,45431,458
12:37:11,36,,45431,458
12:37:11,36,,45431,458
12:37:11,36,,45431,458
12:37:12,36,,45432,459
12:37:12,36,,45432,459
12:37:12,36,,45432,459
12:37:12,36,,45432,459
12:37:13,36,,45433,460
12:37:13,36,,45433,460
12:37:13,36,,45433,460
12:37:13,36,,45433,460
12:37:14,36,,45434,461
12:37:14,36,,45434,461
12:37:14,36,,45434,461
12:37:14,36,,45434,461
12:37:15,36,,45435,462
12:37:15,36,,45435,462
12:37:15,36,,45435,462
12:37:15,36,,45435,462
12:37:16,36,,45436,463
12:37:16,36,,45436,463
12:37:16,36,,45436,463
12:37:16,36,,45436,463
12:37:17,36,,45437,464
12:37:17,36,,45437,464
12:37:17,36,,45437,464
12:37:18,36,,45438,465
12:37:18,36,,45438,465
12:37:18,36,,45438,465
12:37:18,36,,45438,465
12:37:19,36,,45439,466
12:37:19,36,,45439,466
12:37:19,36,,45439,466
12:37:19,36,,45439,466
12:37:20,36,,45440,467
12:37:20,36,,45440,467
12:37:20,36,,45440,467
12:37:20,36,,45440,467
12:37:21,36,,45441,468
12:37:21,36,,45441,468
12:37:21,36,,45441,468
12:37:21,36,,45441,468
12:37:22,36,,45442,469
12:37:22,36,,45442,469
12:37:22,36,,45442,469
12:37:22,36,,45442,469
12:37:23,36,,45443,470
12:37:23,36,,45443,470
12:37:23,36,,45443,470
12:37:24,36,,45444,471
12:37:24,36,,45444,471
12:37:24,36,,45444,471
12:37:24,36,,45444,471
12:37:25,36,,45445,472
12:37:25,36,,45445,472
12:37:25,36,,45445,472
12:37:25,36,,45445,472
12:37:26,36,,45446,473
12:37:26,36,,45446,473
12:37:26,36,,45446,473
12:37:26,36,,45446,473
12:37:27,36,,45447,474
12:37:27,36,,45447,474
12:37:27,36,,45447,474
12:37:27,36,,45447,474
12:37:28,36,,45448,475
12:37:28,36,,45448,475
12:37:28,36,,45448,475
12:37:28,36,,45448,475
12:37:29,36,,45449,476
12:37:29,36,,45449,476
12:37:29,36,,45449,476
12:37:29,36,,45449,476
12:37:30,36,,45450,477
12:37:30,36,,45450,477
12:37:30,36,,45450,477
12:37:31,36,,45451,478
12:37:31,36,,45451,478
12:37:31,36,,45451,478
12:37:31,36,,45451,478
12:37:32,36,,45452,479
12:37:32,36,,45452,479
12:37:32,36,,45452,479
12:37:32,36,,45452,479
12:37:33,36,,45453,480
12:37:33,36,,45453,480
12:37:33,36,,45453,480
12:37:33,36,,45453,480
12:37:34,36,,45454,481
12:37:34,36,,45454,481
12:37:34,36,,45454,481
12:37:34,36,,45454,481
12:37:35,36,,45455,482
12:37:35,36,,45455,482
12:37:35,36,,45455,482
12:37:35,36,,45455,482
12:37:36,36,,45456,483
12:37:36,36,,45456,483
12:37:36,36,,45456,483
12:37:36,36,,45456,483
12:37:37,36,,45457,484
12:37:37,36,,45457,484
12:37:37,36,,45457,484
12:37:38,36,,45458,485
12:37:38,36,,45458,485
12:37:38,36,,45458,485
12:37:38,36,,45458,485
12:37:39,36,,45459,486
12:37:39,36,,45459,486
12:37:39,36,,45459,486
12:37:39,36,,45459,486
12:37:40,36,,45460,487
12:37:40,36,,45460,487
12:37:40,36,,45460,487
12:37:40,36,,45460,487
12:37:41,36,,45461,488
12:37:41,36,,45461,488
12:37:41,36,,45461,488
12:37:41,36,,45461,488
12:37:42,36,,45462,489
12:37:42,36,,45462,489
12:37:42,36,,45462,489
12:37:42,36,,45462,489
12:37:43,36,,45463,490
12:37:43,36,,45463,490
12:37:43,36,,45463,490
12:37:43,36,,45463,490
12:37:44,36,,45464,491
12:37:44,36,,45464,491
12:37:44,36,,45464,491
12:37:45,36,,45465,492
12:37:45,36,,45465,492
12:37:45,36,,45465,492
12:37:45,36,,45465,492
12:37:46,36,,45466,493
12:37:46,36,,45466,493
12:37:46,36,,45466,493
12:37:46,36,,45466,493
12:37:47,36,,45467,494
12:37:47,36,,45467,494
12:37:47,36,,45467,494
12:37:47,36,,45467,494
12:37:48,36,,45468,495
12:37:48,36,,45468,495
12:37:48,36,,45468,495
12:37:48,36,,45468,495
12:37:49,36,,45469,496
12:37:49,36,,45469,496
12:37:49,36,,45469,496
12:37:49,36,,45469,496
12:37:50,36,,45470,497
12:37:50,36,,45470,497
12:37:50,36,,45470,497
12:37:51,36,,45471,498
12:37:51,36,,45471,498
12:37:51,36,,45471,498
12:37:51,36,,45471,498
12:37:52,36,,45472,499
12:37:52,36,,45472,499
12:37:52,36,,45472,499
12:37:52,36,,45472,499
12:37:53,36,,45473,500
12:37:53,36,,45473,500
12:37:53,36,,45473,500
12:37:53,36,,45473,500
12:37:54,36,,45474,501
12:37:54,36,,45474,501
12:37:54,36,,45474,501
12:37:54,36,,45474,501
12:37:55,36,,45475,502
12:37:55,36,,45475,502
12:37:55,36,,45475,502
12:37:55,36,,45475,502
12:37:56,36,,45476,503
12:37:56,36,,45476,503
12:37:56,36,,45476,503
12:37:56,36,,45476,503
12:37:57,36,,45477,504
12:37:57,36,,45477,504
12:37:57,36,,45477,504
12:37:58,36,,45478,505
12:37:58,36,,45478,505
12:37:58,36,,45478,505
12:37:58,36,,45478,505
12:37:59,36,,45479,506
12:37:59,36,,45479,506
12:37:59,36,,45479,506
12:37:59,36,,45479,506
12:38:00,36,,45480,507
12:38:00,36,,45480,507
12:38:00,36,,45480,507
12:38:00,36,,45480,507
12:38:01,36,,45481,508
12:38:01,36,,45481,508
12:38:01,36,,45481,508
12:38:01,36,,45481,508
12:38:02,36,,45482,509
12:38:02,36,,45482,509
12:38:02,36,,45482,509
12:38:02,36,,45482,509
12:38:03,36,,45483,510
12:38:03,36,,45483,510
12:38:03,36,,45483,510
12:38:03,36,,45483,510
12:38:04,36,,45484,511
12:38:04,36,,45484,511
12:38:04,36,,45484,511
12:38:05,36,,45485,512
12:38:05,36,,45485,512
12:38:05,36,,45485,512
12:38:05,36,,45485,512
12:38:06,36,,45486,513
12:38:06,36,,45486,513
12:38:06,36,,45486,513
12:38:06,36,,45486,513
12:38:07,36,,45487,514
12:38:07,36,,45487,514
12:38:07,36,,45487,514
12:38:07,36,,45487,514
12:38:08,36,,45488,515
12:38:08,36,,45488,515
12:38:08,36,,45488,515
12:38:08,36,,45488,515
12:38:09,36,,45489,516
12:38:09,36,,45489,516
12:38:09,36,,45489,516
12:38:09,36,,45489,516
12:38:10,36,,45490,517
12:38:10,36,,45490,517
12:38:10,36,,45490,517
12:38:10,36,,45490,517
12:38:11,36,,45491,518
12:38:11,36,,45491,518
12:38:11,36,,45491,518
12:38:12,36,,45492,519
12:38:12,36,,45492,519
12:38:12,36,,45492,519
12:38:12,36,,45492,519
12:38:13,36,,45493,520
12:38:13,36,,45493,520
12:38:13,36,,45493,520
12:38:13,36,,45493,520
12:38:14,36,,45494,521
12:38:14,36,,45494,521
12:38:14,36,,45494,521
12:38:14,36,,45494,521
12:38:15,36,,45495,522
12:38:15,36,,45495,522
12:38:15,36,,45495,522
12:38:15,36,,45495,522
12:38:16,36,,45496,523
12:38:16,36,,45496,523
12:38:16,36,,45496,523
12:38:16,36,,45496,523
12:38:17,36,,45497,524
12:38:17,36,,45497,524
12:38:17,36,,45497,524
12:38:17,36,,45497,524
12:38:18,36,,45498,525
12:38:18,36,,45498,525
12:38:18,36,,45498,525
12:38:19,36,,45499,526
12:38:19,36,,45499,526
12:38:19,36,,45499,526
12:38:19,36,,45499,526
12:38:20,36,,45500,527
12:38:20,36,,45500,527
12:38:20,36,,45500,527
12:38:20,36,,45500,527
12:38:21,36,,45501,528
12:38:21,36,,45501,528
12:38:21,36,,45501,528
12:38:21,36,,45501,528
12:38:22,36,,45502,529
12:38:22,36,,45502,529
12:38:22,36,,45502,529
12:38:22,36,,45502,529
12:38:23,36,,45503,530
12:38:23,36,,45503,530
12:38:23,36,,45503,530
12:38:23,36,,45503,530
12:38:24,36,,45504,531
12:38:24,36,,45504,531
12:38:24,36,,45504,531
12:38:24,36,,45504,531
12:38:25,36,,45505,532
12:38:25,36,,45505,532
12:38:25,36,,45505,532
12:38:25,36,,45505,532
12:38:26,36,,45506,533
12:38:26,36,,45506,533
12:38:26,36,,45506,533
12:38:27,36,,45507,534
12:38:27,36,,45507,534
12:38:27,36,,45507,534
12:38:27,36,,45507,534
12:38:28,36,,45508,535
12:38:28,36,,45508,535
12:38:28,36,,45508,535
12:38:28,36,,45508,535
12:38:29,36,,45509,536
12:38:29,36,,45509,536
12:38:29,36,,45509,536
12:38:29,36,,45509,536
12:38:30,36,,45510,537
12:38:30,36,,45510,537
12:38:30,36,,45510,537
12:38:30,36,,45510,537
12:38:31,36,,45511,538
12:38:31,36,,45511,538
12:38:31,36,,45511,538
12:38:31,36,,45511,538
12:38:32,36,,45512,539
12:38:32,36,,45512,539
12:38:32,36,,45512,539
12:38:32,36,,45512,539
12:38:33,36,,45513,540
12:38:33,36,,45513,540
12:38:33,36,,45513,540
12:38:34,36,,45514,541
12:38:34,36,,45514,541
12:38:34,36,,45514,541
12:38:34,36,,45514,541
12:38:35,36,,45515,542
12:38:35,36,,45515,542
12:38:35,36,,45515,542
12:38:35,36,,45515,542
12:38:36,36,,45516,543
12:38:36,36,,45516,543
12:38:36,36,,45516,543
12:38:36,36,,45516,543
12:38:37,36,,45517,544
12:38:37,36,,45517,544
12:38:37,36,,45517,544
12:38:37,36,,45517,544
12:38:38,36,,45518,545
12:38:38,36,,45518,545
12:38:38,36,,45518,545
12:38:38,36,,45518,545
12:38:39,36,,45519,546
12:38:39,36,,45519,546
12:38:39,36,,45519,546
12:38:40,36,,45520,547
12:38:40,36,,45520,547
12:38:40,36,,45520,547
12:38:40,36,,45520,547
12:38:41,36,,45521,548
12:38:41,36,,45521,548
12:38:41,36,,45521,548
12:38:41,36,,45521,548
12:38:42,36,,45522,549
12:38:42,36,,45522,549
12:38:42,36,,45522,549
12:38:42,36,,45522,549
12:38:43,36,,45523,550
12:38:43,36,,45523,550
12:38:43,36,,45523,550
12:38:43,36,,45523,550
12:38:44,36,,45524,551
12:38:44,36,,45524,551
12:38:44,36,,45524,551
12:38:44,36,,45524,551
12:38:45,36,,45525,552
12:38:45,36,,45525,552
12:38:45,36,,45525,552
12:38:45,36,,45525,552
12:38:46,36,,45526,553
12:38:46,36,,45526,553
12:38:46,36,,45526,553
12:38:47,36,,45527,554
12:38:47,36,,45527,554
12:38:47,36,,45527,554
12:38:47,36,,45527,554
12:38:48,36,,45528,555
12:38:48,36,,45528,555
12:38:48,36,,45528,555
12:38:48,36,,45528,555
12:38:49,36,,45529,556
12:38:49,36,,45529,556
12:38:49,36,,45529,556
12:38:49,36,,45529,556
12:38:50,36,,45530,557
12:38:50,36,,45530,557
12:38:50,36,,45530,557
12:38:50,36,,45530,557
12:38:51,36,,45531,558
12:38:51,36,,45531,558
12:38:51,36,,45531,558
12:38:51,36,,45531,558
12:38:52,36,,45532,559
12:38:52,36,,45532,559
12:38:52,36,,45532,559
12:38:52,36,,45532,559
12:38:53,36,,45533,560
12:38:53,36,,45533,560
12:38:53,36,,45533,560
12:38:54,36,,45534,561
12:38:54,36,,45534,561
12:38:54,36,,45534,561
12:38:54,36,,45534,561
12:38:55,36,,45535,562
12:38:55,36,,45535,562
12:38:55,36,,45535,562
12:38:55,36,,45535,562
12:38:56,36,,45536,563
12:38:56,36,,45536,563
12:38:56,36,,45536,563
12:38:56,36,,45536,563
12:38:57,36,,45537,564
12:38:57,36,,45537,564
12:38:57,36,,45537,564
12:38:57,36,,45537,564
12:38:58,36,,45538,565
12:38:58,36,,45538,565
12:38:58,36,,45538,565
12:38:58,36,,45538,565
12:38:59,36,,45539,566
12:38:59,36,,45539,566
12:38:59,36,,45539,566
12:38:59,36,,45539,566
12:39:00,36,,45540,567
12:39:00,36,,45540,567
12:39:00,36,,45540,567
12:39:01,36,,45541,568
12:39:01,36,,45541,568
12:39:01,36,,45541,568
12:39:01,36,,45541,568
12:39:02,36,,45542,569
12:39:02,36,,45542,569
12:39:02,36,,45542,569
12:39:02,36,,45542,569
12:39:03,36,,45543,570
12:39:03,36,,45543,570
12:39:03,36,,45543,570
12:39:03,36,,45543,570
12:39:04,36,,45544,571
12:39:04,36,,45544,571
12:39:04,36,,45544,571
12:39:04,36,,45544,571
12:39:05,36,,45545,572
12:39:05,36,,45545,572
12:39:05,36,,45545,572
12:39:06,36,,45546,573
12:39:06,36,,45546,573
12:39:06,36,,45546,573
12:39:06,36,,45546,573
12:39:07,36,,45547,574
12:39:07,36,,45547,574
12:39:07,36,,45547,574
12:39:07,36,,45547,574
12:39:08,36,,45548,575
12:39:08,36,,45548,575
12:39:08,36,,45548,575
12:39:08,36,,45548,575
12:39:09,36,,45549,576
12:39:09,36,,45549,576
12:39:09,36,,45549,576
12:39:10,36,,45550,577
12:39:10,36,,45550,577
12:39:10,36,,45550,577
12:39:10,36,,45550,577
12:39:11,36,,45551,578
12:39:11,36,,45551,578
12:39:11,36,,45551,578
12:39:11,36,,45551,578
12:39:12,36,,45552,579
12:39:12,36,,45552,579
12:39:12,36,,45552,579
12:39:12,36,,45552,579
12:39:13,36,,45553,580
12:39:13,36,,45553,580
12:39:13,36,,45553,580
12:39:13,36,,45553,580
12:39:14,36,,45554,581
12:39:14,36,,45554,581
12:39:14,36,,45554,581
12:39:14,36,,45554,581
12:39:15,36,,45555,582
12:39:15,36,,45555,582
12:39:15,36,,45555,582
12:39:15,36,,45555,582
12:39:16,36,,45556,583
12:39:16,36,,45556,583
12:39:16,36,,45556,583
12:39:16,36,,45556,583
12:39:17,36,,45557,584
12:39:17,36,,45557,584
12:39:17,36,,45557,584
12:39:18,36,,45558,585
12:39:18,36,,45558,585
12:39:18,36,,45558,585
12:39:18,36,,45558,585
12:39:19,36,,45559,586
12:39:19,36,,45559,586
12:39:19,36,,45559,586
12:39:19,36,,45559,586
12:39:20,36,,45560,587
12:39:20,36,,45560,587
12:39:20,36,,45560,587
12:39:20,36,,45560,587
12:39:21,36,,45561,588
12:39:21,36,,45561,588
12:39:21,36,,45561,588
12:39:21,36,,45561,588
12:39:22,36,,45562,589
12:39:22,36,,45562,589
12:39:22,36,,45562,589
12:39:22,36,,45562,589
12:39:23,36,,45563,590
12:39:23,36,,45563,590
12:39:23,36,,45563,590
12:39:23,36,,45563,590
12:39:24,36,,45564,591
12:39:24,36,,45564,591
12:39:24,36,,45564,591
12:39:25,36,,45565,592
12:39:25,36,,45565,592
12:39:25,36,,45565,592
12:39:25,36,,45565,592
12:39:26,36,,45566,593
12:39:26,36,,45566,593
12:39:26,36,,45566,593
12:39:26,36,,45566,593
12:39:27,36,,45567,594
12:39:27,36,,45567,594
12:39:27,36,,45567,594
12:39:27,36,,45567,594
12:39:28,36,,45568,595
12:39:28,36,,45568,595
12:39:28,36,,45568,595
12:39:28,36,,45568,595
12:39:29,36,,45569,596
12:39:29,36,,45569,596
12:39:29,36,,45569,596
12:39:29,36,,45569,596
12:39:30,36,,45570,597
12:39:30,36,,45570,597
12:39:30,36,,45570,597
12:39:31,36,,45571,598
12:39:31,36,,45571,598
12:39:31,36,,45571,598
12:39:31,36,,45571,598
12:39:32,36,,45572,599
12:39:32,36,,45572,599
12:39:32,36,,45572,599
12:39:32,36,,45572,599
12:39:33,36,,45573,600
12:39:33,36,,45573,600
12:39:33,36,,45573,600
12:39:33,36,,45573,600
12:39:34,36,,45574,601
12:39:34,36,,45574,601
12:39:34,36,,45574,601
12:39:34,36,,45574,601
12:39:35,36,,45575,602
12:39:35,36,,45575,602
12:39:35,36,,45575,602
12:39:35,36,,45575,602
12:39:36,36,,45576,603
12:39:36,36,,45576,603
12:39:36,36,,45576,603
12:39:36,36,,45576,603
12:39:37,36,,45577,604
12:39:37,36,,45577,604
12:39:37,36,,45577,604
12:39:38,36,,45578,605
12:39:38,36,,45578,605
12:39:38,36,,45578,605
12:39:38,36,,45578,605
12:39:39,36,,45579,606
12:39:39,36,,45579,606
12:39:39,36,,45579,606
12:39:39,36,,45579,606
12:39:40,36,,45580,607
12:39:40,36,,45580,607
12:39:40,36,,45580,607
12:39:40,36,,45580,607
12:39:41,36,,45581,608
12:39:41,36,,45581,608
12:39:41,36,,45581,608
12:39:41,36,,45581,608
12:39:42,36,,45582,609
12:39:42,36,,45582,609
12:39:42,36,,45582,609
12:39:42,36,,45582,609
12:39:43,36,,45583,610
12:39:43,36,,45583,610
12:39:43,36,,45583,610
12:39:43,36,,45583,610
12:39:44,36,,45584,611
12:39:44,36,,45584,611
12:39:44,36,,45584,611
12:39:45,36,,45585,612
12:39:45,36,,45585,612
12:39:45,36,,45585,612
12:39:45,36,,45585,612
12:39:46,36,,45586,613
12:39:46,36,,45586,613
12:39:46,36,,45586,613
12:39:46,36,,45586,613
12:39:47,36,,45587,614
12:39:47,36,,45587,614
12:39:47,36,,45587,614
12:39:47,36,,45587,614
12:39:48,36,,45588,615
12:39:48,36,,45588,615
12:39:48,36,,45588,615
12:39:48,36,,45588,615
12:39:49,36,,45589,616
12:39:49,36,,45589,616
12:39:49,36,,45589,616
12:39:49,36,,45589,616
12:39:50,36,,45590,617
12:39:50,36,,45590,617
12:39:50,36,,45590,617
12:39:51,36,,45591,618
12:39:51,36,,45591,618
12:39:51,36,,45591,618
12:39:51,36,,45591,618
12:39:52,36,,45592,619
12:39:52,36,,45592,619
12:39:52,36,,45592,619
12:39:52,36,,45592,619
12:39:53,36,,45593,620
12:39:53,36,,45593,620
12:39:53,36,,45593,620
12:39:53,36,,45593,620
12:39:54,36,,45594,621
12:39:54,36,,45594,621
12:39:54,36,,45594,621
12:39:54,36,,45594,621
12:39:55,36,,45595,622
12:39:55,36,,45595,622
12:39:55,36,,45595,622
12:39:55,36,,45595,622
12:39:56,36,,45596,623
12:39:56,36,,45596,623
12:39:56,36,,45596,623
12:39:56,36,,45596,623
12:39:57,36,,45597,624
12:39:57,36,,45597,624
12:39:57,36,,45597,624
12:39:58,36,,45598,625
12:39:58,36,,45598,625
12:39:58,36,,45598,625
12:39:58,36,,45598,625
12:39:59,36,,45599,626
12:39:59,36,,45599,626
12:39:59,36,,45599,626
12:39:59,36,,45599,626
12:40:00,36,,45600,627
12:40:00,36,,45600,627
12:40:00,36,,45600,627
12:40:00,36,,45600,627
12:40:01,36,,45601,628
12:40:01,36,,45601,628
12:40:01,36,,45601,628
12:40:01,36,,45601,628
12:40:02,36,,45602,629
12:40:02,36,,45602,629
12:40:02,36,,45602,629
12:40:02,36,,45602,629
12:40:03,36,,45603,630
12:40:03,36,,45603,630
12:40:03,36,,45603,630
12:40:03,36,,45603,630
12:40:04,36,,45604,631
12:40:04,36,,45604,631
12:40:04,36,,45604,631
12:40:05,36,,45605,632
12:40:05,36,,45605,632
12:40:05,36,,45605,632
12:40:05,36,,45605,632
12:40:06,36,,45606,633
12:40:06,36,,45606,633
12:40:06,36,,45606,633
12:40:06,36,,45606,633
12:40:07,36,,45607,634
12:40:07,36,,45607,634
12:40:07,36,,45607,634
12:40:07,36,,45607,634
12:40:08,36,,45608,635
12:40:08,36,,45608,635
12:40:08,36,,45608,635
12:40:08,36,,45608,635
12:40:09,36,,45609,636
12:40:09,36,,45609,636
12:40:09,36,,45609,636
12:40:09,36,,45609,636
12:40:10,36,,45610,637
12:40:10,36,,45610,637
12:40:10,36,,45610,637
12:40:10,36,,45610,637
12:40:11,36,,45611,638
12:40:11,36,,45611,638
12:40:11,36,,45611,638
12:40:12,36,,45612,639
12:40:12,36,,45612,639
12:40:12,36,,45612,639
12:40:12,36,,45612,639
12:40:13,36,,45613,640
12:40:13,36,,45613,640
12:40:13,36,,45613,640
12:40:13,35,,45613,640
12:40:14,35,,45614,641
12:40:14,35,,45614,641
12:40:14,35,,45614,641
12:40:14,35,,45614,641
12:40:15,35,,45615,642
12:40:15,35,,45615,642
12:40:15,35,,45615,642
12:40:15,35,,45615,642
12:40:16,35,,45616,643
12:40:16,35,,45616,643
12:40:16,35,,45616,643
12:40:16,35,,45616,643
12:40:17,35,,45617,644
12:40:17,35,,45617,644
12:40:17,36,,45617,644
12:40:17,36,,45617,644
12:40:18,36,,45618,645
12:40:18,36,,45618,645
12:40:18,36,,45618,645
12:40:18,36,,45618,645
12:40:19,36,,45619,646
12:40:19,36,,45619,646
12:40:19,36,,45619,646
12:40:20,36,,45620,647
12:40:20,36,,45620,647
12:40:20,36,,45620,647
12:40:20,36,,45620,647
12:40:21,36,,45621,648
12:40:21,36,,45621,648
12:40:21,36,,45621,648
12:40:21,36,,45621,648
12:40:22,36,,45622,649
12:40:22,36,,45622,649
12:40:22,36,,45622,649
12:40:22,36,,45622,649
12:40:23,36,,45623,650
12:40:23,36,,45623,650
12:40:23,36,,45623,650
12:40:23,36,,45623,650
12:40:24,36,,45624,651
12:40:24,36,,45624,651
12:40:24,36,,45624,651
12:40:25,36,,45625,652
12:40:25,36,,45625,652
12:40:25,36,,45625,652
12:40:25,36,,45625,652
12:40:26,36,,45626,653
12:40:26,36,,45626,653
12:40:26,36,,45626,653
12:40:26,36,,45626,653
12:40:27,36,,45627,654
12:40:27,36,,45627,654
12:40:27,36,,45627,654
12:40:27,36,,45627,654
12:40:28,36,,45628,655
12:40:28,36,,45628,655
12:40:28,36,,45628,655
12:40:28,36,,45628,655
12:40:29,36,,45629,656
12:40:29,36,,45629,656
12:40:29,36,,45629,656
12:40:29,36,,45629,656
12:40:30,36,,45630,657
12:40:30,36,,45630,657
12:40:30,36,,45630,657
12:40:30,36,,45630,657
12:40:31,36,,45631,658
12:40:31,36,,45631,658
12:40:31,36,,45631,658
12:40:32,36,,45632,659
12:40:32,36,,45632,659
12:40:32,36,,45632,659
12:40:32,36,,45632,659
12:40:33,36,,45633,660
12:40:33,36,,45633,660
12:40:33,36,,45633,660
12:40:33,36,,45633,660
12:40:34,36,,45634,661
12:40:34,36,,45634,661
12:40:34,36,,45634,661
12:40:34,36,,45634,661
12:40:35,36,,45635,662
12:40:35,36,,45635,662
12:40:35,36,,45635,662
12:40:35,36,,45635,662
12:40:36,36,,45636,663
12:40:36,36,,45636,663
12:40:36,36,,45636,663
12:40:36,36,,45636,663
12:40:37,36,,45637,664
12:40:37,36,,45637,664
12:40:37,36,,45637,664
12:40:38,36,,45638,665
12:40:38,36,,45638,665
12:40:38,36,,45638,665
12:40:38,36,,45638,665
12:40:39,36,,45639,666
12:40:39,36,,45639,666
12:40:39,36,,45639,666
12:40:39,36,,45639,666
12:40:40,36,,45640,667
12:40:40,36,,45640,667
12:40:40,36,,45640,667
12:40:40,36,,45640,667
12:40:41,36,,45641,668
12:40:41,36,,45641,668
12:40:41,36,,45641,668
12:40:41,36,,45641,668
12:40:42,36,,45642,669
12:40:42,36,,45642,669
12:40:42,36,,45642,669
12:40:42,36,,45642,669
12:40:43,36,,45643,670
12:40:43,36,,45643,670
12:40:43,36,,45643,670
12:40:44,36,,45644,671
12:40:44,36,,45644,671
12:40:44,36,,45644,671
12:40:44,36,,45644,671
12:40:45,36,,45645,672
12:40:45,36,,45645,672
12:40:45,36,,45645,672
12:40:45,36,,45645,672
12:40:46,36,,45646,673
12:40:46,36,,45646,673
12:40:46,36,,45646,673
12:40:46,36,,45646,673
12:40:47,36,,45647,674
12:40:47,36,,45647,674
12:40:47,36,,45647,674
12:40:47,36,,45647,674
12:40:48,36,,45648,675
12:40:48,36,,45648,675
12:40:48,36,,45648,675
12:40:48,36,,45648,675
12:40:49,36,,45649,676
12:40:49,36,,45649,676
12:40:49,36,,45649,676
12:40:49,36,,45649,676
12:40:50,36,,45650,677
12:40:50,36,,45650,677
12:40:50,36,,45650,677
12:40:50,36,,45650,677
12:40:51,36,,45651,678
12:40:51,36,,45651,678
12:40:51,36,,45651,678
12:40:52,36,,45652,679
12:40:52,36,,45652,679
12:40:52,36,,45652,679
12:40:52,36,,45652,679
12:40:53,36,,45653,680
12:40:53,36,,45653,680
12:40:53,36,,45653,680
12:40:53,36,,45653,680
12:40:54,36,,45654,681
12:40:54,36,,45654,681
12:40:54,36,,45654,681
12:40:54,36,,45654,681
12:40:55,36,,45655,682
12:40:55,36,,45655,682
12:40:55,36,,45655,682
12:40:55,36,,45655,682
12:40:56,36,,45656,683
12:40:56,36,,45656,683
12:40:56,36,,45656,683
12:40:56,36,,45656,683
12:40:57,36,,45657,684
12:40:57,36,,45657,684
12:40:57,36,,45657,684
12:40:57,36,,45657,684
12:40:58,36,,45658,685
12:40:58,36,,45658,685
12:40:58,36,,45658,685
12:40:59,36,,45659,686
12:40:59,36,,45659,686
12:40:59,36,,45659,686
12:40:59,36,,45659,686
12:41:00,36,,45660,687
12:41:00,36,,45660,687
12:41:00,36,,45660,687
12:41:00,36,,45660,687
12:41:01,36,,45661,688
12:41:01,36,,45661,688
12:41:01,36,,45661,688
12:41:01,36,,45661,688
12:41:02,36,,45662,689
12:41:02,36,,45662,689
12:41:02,36,,45662,689
12:41:02,36,,45662,689
12:41:03,36,,45663,690
12:41:03,36,,45663,690
12:41:03,36,,45663,690
12:41:03,36,,45663,690
12:41:04,36,,45664,691
12:41:04,36,,45664,691
12:41:04,36,,45664,691
12:41:04,36,,45664,691
12:41:05,36,,45665,692
12:41:05,36,,45665,692
12:41:05,36,,45665,692
12:41:06,36,,45666,693
12:41:06,36,,45666,693
12:41:06,36,,45666,693
12:41:06,36,,45666,693
12:41:07,36,,45667,694
12:41:07,36,,45667,694
12:41:07,36,,45667,694
12:41:07,36,,45667,694
12:41:08,36,,45668,695
12:41:08,36,,45668,695
12:41:08,36,,45668,695
12:41:08,36,,45668,695
12:41:09,36,,45669,696
12:41:09,36,,45669,696
12:41:09,36,,45669,696
12:41:09,36,,45669,696
12:41:10,36,,45670,697
12:41:10,36,,45670,697
12:41:10,36,,45670,697
12:41:10,36,,45670,697
12:41:11,36,,45671,698
12:41:11,36,,45671,698
12:41:11,36,,45671,698
12:41:12,36,,45672,699
12:41:12,36,,45672,699
12:41:12,36,,45672,699
12:41:12,36,,45672,699
12:41:13,36,,45673,700
12:41:13,36,,45673,700
12:41:13,36,,45673,700
12:41:13,36,,45673,700
12:41:14,36,,45674,701
12:41:14,36,,45674,701
12:41:14,36,,45674,701
12:41:14,36,,45674,701
12:41:15,36,,45675,702
12:41:15,36,,45675,702
12:41:15,36,,45675,702
12:41:15,36,,45675,702
12:41:16,36,,45676,703
12:41:16,36,,45676,703
12:41:16,36,,45676,703
12:41:16,36,,45676,703
12:41:17,36,,45677,704
12:41:17,36,,45677,704
12:41:17,36,,45677,704
12:41:17,36,,45677,704
12:41:18,36,,45678,705
12:41:18,36,,45678,705
12:41:18,36,,45678,705
12:41:19,36,,45679,706
12:41:19,36,,45679,706
12:41:19,36,,45679,706
12:41:19,36,,45679,706
12:41:20,36,,45680,707
12:41:20,36,,45680,707
12:41:20,36,,45680,707
12:41:20,36,,45680,707
12:41:21,36,,45681,708
12:41:21,36,,45681,708
12:41:21,36,,45681,708
12:41:21,36,,45681,708
12:41:22,36,,45682,709
12:41:22,36,,45682,709
12:41:22,36,,45682,709
12:41:22,36,,45682,709
12:41:23,36,,45683,710
12:41:23,36,,45683,710
12:41:23,36,,45683,710
12:41:23,36,,45683,710
12:41:24,36,,45684,711
12:41:24,36,,45684,711
12:41:24,36,,45684,711
12:41:24,36,,45684,711
12:41:25,36,,45685,712
12:41:25,36,,45685,712
12:41:25,36,,45685,712
12:41:26,36,,45686,713
12:41:26,36,,45686,713
12:41:26,36,,45686,713
12:41:26,36,,45686,713
12:41:27,36,,45687,714
12:41:27,36,,45687,714
12:41:27,36,,45687,714
12:41:27,36,,45687,714
12:41:28,36,,45688,715
12:41:28,36,,45688,715
12:41:28,36,,45688,715
12:41:28,36,,45688,715
12:41:29,36,,45689,716
12:41:29,36,,45689,716
12:41:29,36,,45689,716
12:41:29,36,,45689,716
12:41:30,36,,45690,717
12:41:30,36,,45690,717
12:41:30,36,,45690,717
12:41:30,36,,45690,717
12:41:31,36,,45691,718
12:41:31,36,,45691,718
12:41:31,36,,45691,718
12:41:32,36,,45692,719
12:41:32,36,,45692,719
12:41:32,36,,45692,719
12:41:32,36,,45692,719
12:41:33,36,,45693,720
12:41:33,36,,45693,720
12:41:33,36,,45693,720
12:41:33,36,,45693,720
12:41:34,36,,45694,721
12:41:34,36,,45694,721
12:41:34,36,,45694,721
12:41:34,36,,45694,721
12:41:35,36,,45695,722
12:41:35,36,,45695,722
12:41:35,36,,45695,722
12:41:35,36,,45695,722
12:41:36,36,,45696,723
12:41:36,36,,45696,723
12:41:36,36,,45696,723
12:41:36,36,,45696,723
12:41:37,36,,45697,724
12:41:37,36,,45697,724
12:41:37,36,,45697,724
12:41:37,36,,45697,724
12:41:38,36,,45698,725
12:41:38,36,,45698,725
12:41:38,36,,45698,725
12:41:38,36,,45698,725
12:41:39,36,,45699,726
12:41:39,36,,45699,726
12:41:39,36,,45699,726
12:41:40,36,,45700,727
12:41:40,36,,45700,727
12:41:40,36,,45700,727
12:41:40,36,,45700,727
12:41:41,36,,45701,728
12:41:41,36,,45701,728
12:41:41,36,,45701,728
12:41:41,36,,45701,728
12:41:42,36,,45702,729
12:41:42,36,,45702,729
12:41:42,36,,45702,729
12:41:42,36,,45702,729
12:41:43,36,,45703,730
12:41:43,36,,45703,730
12:41:43,36,,45703,730
12:41:43,36,,45703,730
12:41:44,36,,45704,731
12:41:44,36,,45704,731
12:41:44,36,,45704,731
12:41:44,36,,45704,731
12:41:45,36,,45705,732
12:41:45,36,,45705,732
12:41:45,36,,45705,732
12:41:45,36,,45705,732
12:41:46,36,,45706,733
12:41:46,36,,45706,733
12:41:46,36,,45706,733
12:41:47,36,,45707,734
12:41:47,36,,45707,734
12:41:47,36,,45707,734
12:41:47,36,,45707,734
12:41:48,36,,45708,735
12:41:48,36,,45708,735
12:41:48,36,,45708,735
12:41:48,36,,45708,735
12:41:49,36,,45709,736
12:41:49,36,,45709,736
12:41:49,36,,45709,736
12:41:49,36,,45709,736
12:41:50,36,,45710,737
12:41:50,36,,45710,737
12:41:50,36,,45710,737
12:41:50,36,,45710,737
12:41:51,36,,45711,738
12:41:51,36,,45711,738
12:41:51,36,,45711,738
12:41:52,36,,45712,739
12:41:52,36,,45712,739
12:41:52,36,,45712,739
12:41:52,36,,45712,739
12:41:53,36,,45713,740
12:41:53,36,,45713,740
12:41:53,36,,45713,740
12:41:53,36,,45713,740
12:41:54,36,,45714,741
12:41:54,36,,45714,741
12:41:54,36,,45714,741
12:41:54,36,,45714,741
12:41:55,36,,45715,742
12:41:55,36,,45715,742
12:41:55,36,,45715,742
12:41:55,36,,45715,742
12:41:56,36,,45716,743
12:41:56,36,,45716,743
12:41:56,36,,45716,743
12:41:56,36,,45716,743
12:41:57,36,,45717,744
12:41:57,36,,45717,744
12:41:57,36,,45717,744
12:41:57,36,,45717,744
12:41:58,36,,45718,745
12:41:58,36,,45718,745
12:41:58,36,,45718,745
12:41:59,36,,45719,746
12:41:59,36,,45719,746
12:41:59,36,,45719,746
12:41:59,36,,45719,746
12:42:00,36,,45720,747
12:42:00,36,,45720,747
12:42:00,36,,45720,747
12:42:00,36,,45720,747
12:42:01,36,,45721,748
12:42:01,36,,45721,748
12:42:01,36,,45721,748
12:42:01,36,,45721,748
12:42:02,36,,45722,749
12:42:02,36,,45722,749
12:42:02,36,,45722,749
12:42:02,36,,45722,749
12:42:03,36,,45723,750
12:42:03,36,,45723,750
12:42:03,36,,45723,750
12:42:03,36,,45723,750
12:42:04,36,,45724,751
12:42:04,36,,45724,751
12:42:04,36,,45724,751
12:42:04,36,,45724,751
12:42:05,36,,45725,752
12:42:05,36,,45725,752
12:42:05,36,,45725,752
12:42:05,36,,45725,752
12:42:06,36,,45726,753
12:42:06,36,,45726,753
12:42:06,36,,45726,753
12:42:06,36,,45726,753
12:42:07,36,,45727,754
12:42:07,36,,45727,754
12:42:07,36,,45727,754
12:42:08,36,,45728,755
12:42:08,36,,45728,755
12:42:08,36,,45728,755
12:42:08,36,,45728,755
12:42:09,36,,45729,756
12:42:09,36,,45729,756
12:42:09,36,,45729,756
12:42:09,36,,45729,756
12:42:10,36,,45730,757
12:42:10,36,,45730,757
12:42:10,36,,45730,757
12:42:10,36,,45730,757
12:42:11,36,,45731,758
12:42:11,36,,45731,758
12:42:11,36,,45731,758
12:42:11,36,,45731,758
12:42:12,36,,45732,759
12:42:12,36,,45732,759
12:42:12,36,,45732,759
12:42:12,36,,45732,759
12:42:13,36,,45733,760
12:42:13,36,,45733,760
12:42:13,36,,45733,760
12:42:13,36,,45733,760
12:42:14,36,,45734,761
12:42:14,36,,45734,761
12:42:14,36,,45734,761
12:42:15,36,,45735,762
12:42:15,36,,45735,762
12:42:15,36,,45735,762
12:42:15,36,,45735,762
12:42:16,36,,45736,763
12:42:16,36,,45736,763
12:42:16,36,,45736,763
12:42:16,36,,45736,763
12:42:17,36,,45737,764
12:42:17,36,,45737,764
12:42:17,36,,45737,764
12:42:17,36,,45737,764
12:42:18,36,,45738,765
12:42:18,36,,45738,765
12:42:18,36,,45738,765
12:42:18,36,,45738,765
12:42:19,36,,45739,766
12:42:19,36,,45739,766
12:42:19,36,,45739,766
12:42:19,36,,45739,766
12:42:20,36,,45740,767
12:42:20,36,,45740,767
12:42:20,36,,45740,767
12:42:20,36,,45740,767
12:42:21,36,,45741,768
12:42:21,36,,45741,768
12:42:21,36,,45741,768
12:42:22,36,,45742,769
12:42:22,36,,45742,769
12:42:22,36,,45742,769
12:42:22,36,,45742,769
12:42:23,36,,45743,770
12:42:23,36,,45743,770
12:42:23,36,,45743,770
12:42:23,36,,45743,770
12:42:24,36,,45744,771
12:42:24,36,,45744,771
12:42:24,36,,45744,771
12:42:24,36,,45744,771
12:42:25,36,,45745,772
12:42:25,36,,45745,772
12:42:25,36,,45745,772
12:42:25,36,,45745,772
12:42:26,36,,45746,773
12:42:26,36,,45746,773
12:42:26,36,,45746,773
12:42:26,36,,45746,773
12:42:27,36,,45747,774
12:42:27,36,,45747,774
12:42:27,36,,45747,774
12:42:28,36,,45748,775
12:42:28,36,,45748,775
12:42:28,36,,45748,775
12:42:28,36,,45748,775
12:42:29,36,,45749,776
12:42:29,36,,45749,776
12:42:29,36,,45749,776
12:42:29,36,,45749,776
12:42:30,36,,45750,777
12:42:30,36,,45750,777
12:42:30,36,,45750,777
12:42:30,36,,45750,777
12:42:31,36,,45751,778
12:42:31,36,,45751,778
12:42:31,36,,45751,778
12:42:31,36,,45751,778
12:42:32,36,,45752,779
12:42:32,36,,45752,779
12:42:32,36,,45752,779
12:42:32,36,,45752,779
12:42:33,36,,45753,780
12:42:33,36,,45753,780
12:42:33,36,,45753,780
12:42:33,36,,45753,780
12:42:34,36,,45754,781
12:42:34,36,,45754,781
12:42:34,36,,45754,781
12:42:35,36,,45755,782
12:42:35,36,,45755,782
12:42:35,36,,45755,782
12:42:35,36,,45755,782
12:42:36,36,,45756,783
12:42:36,36,,45756,783
12:42:36,36,,45756,783
12:42:36,36,,45756,783
12:42:37,36,,45757,784
12:42:37,36,,45757,784
12:42:37,36,,45757,784
12:42:37,36,,45757,784
12:42:38,36,,45758,785
12:42:38,36,,45758,785
12:42:38,36,,45758,785
12:42:38,36,,45758,785
12:42:39,36,,45759,786
12:42:39,36,,45759,786
12:42:39,36,,45759,786
12:42:39,36,,45759,786
12:42:40,36,,45760,787
12:42:40,36,,45760,787
12:42:40,36,,45760,787
12:42:41,36,,45761,788
12:42:41,36,,45761,788
12:42:41,36,,45761,788
12:42:41,36,,45761,788
12:42:42,36,,45762,789
12:42:42,36,,45762,789
12:42:42,36,,45762,789
12:42:42,36,,45762,789
12:42:43,36,,45763,790
12:42:43,36,,45763,790
12:42:43,36,,45763,790
12:42:43,36,,45763,790
12:42:44,36,,45764,791
12:42:44,36,,45764,791
12:42:44,36,,45764,791
12:42:44,36,,45764,791
12:42:45,36,,45765,792
12:42:45,36,,45765,792
12:42:45,36,,45765,792
12:42:45,36,,45765,792
12:42:46,36,,45766,793
12:42:46,36,,45766,793
12:42:46,36,,45766,793
12:42:46,36,,45766,793
12:42:47,36,,45767,794
12:42:47,36,,45767,794
12:42:47,36,,45767,794
12:42:48,36,,45768,795
12:42:48,36,,45768,795
12:42:48,36,,45768,795
12:42:48,36,,45768,795
12:42:49,36,,45769,796
12:42:49,36,,45769,796
12:42:49,36,,45769,796
12:42:49,36,,45769,796
12:42:50,36,,45770,797
12:42:50,36,,45770,797
12:42:50,36,,45770,797
12:42:50,36,,45770,797
12:42:51,36,,45771,798
12:42:51,36,,45771,798
12:42:51,36,,45771,798
12:42:51,36,,45771,798
12:42:52,36,,45772,799
12:42:52,36,,45772,799
12:42:52,36,,45772,799
12:42:52,36,,45772,799
12:42:53,36,,45773,800
12:42:53,36,,45773,800
12:42:53,36,,45773,800
12:42:54,36,,45774,801
12:42:54,36,,45774,801
12:42:54,36,,45774,801
12:42:54,36,,45774,801
12:42:55,36,,45775,802
12:42:55,36,,45775,802
12:42:55,36,,45775,802
12:42:55,36,,45775,802
12:42:56,36,,45776,803
12:42:56,36,,45776,803
12:42:56,36,,45776,803
12:42:56,36,,45776,803
12:42:57,36,,45777,804
12:42:57,36,,45777,804
12:42:57,36,,45777,804
12:42:57,36,,45777,804
12:42:58,36,,45778,805
12:42:58,36,,45778,805
12:42:58,36,,45778,805
12:42:59,36,,45779,806
12:42:59,36,,45779,806
12:42:59,36,,45779,806
12:42:59,36,,45779,806
12:43:00,36,,45780,807
12:43:00,36,,45780,807
12:43:00,36,,45780,807
12:43:00,36,,45780,807
12:43:01,36,,45781,808
12:43:01,36,,45781,808
12:43:01,36,,45781,808
12:43:01,36,,45781,808
12:43:02,36,,45782,809
12:43:02,36,,45782,809
12:43:02,36,,45782,809
12:43:02,36,,45782,809
12:43:03,36,,45783,810
12:43:03,36,,45783,810
12:43:03,36,,45783,810
12:43:03,36,,45783,810
12:43:04,36,,45784,811
12:43:04,36,,45784,811
12:43:04,36,,45784,811
12:43:05,36,,45785,812
12:43:05,36,,45785,812
12:43:05,36,,45785,812
12:43:05,36,,45785,812
12:43:06,36,,45786,813
12:43:06,36,,45786,813
12:43:06,36,,45786,813
12:43:06,36,,45786,813
12:43:07,36,,45787,814
12:43:07,36,,45787,814
12:43:07,36,,45787,814
12:43:07,36,,45787,814
12:43:08,36,,45788,815
12:43:08,36,,45788,815
12:43:08,36,,45788,815
12:43:08,36,,45788,815
12:43:09,36,,45789,816
12:43:09,36,,45789,816
12:43:09,36,,45789,816
12:43:10,36,,45790,817
12:43:10,36,,45790,817
12:43:10,36,,45790,817
12:43:10,36,,45790,817
12:43:11,36,,45791,818
12:43:11,36,,45791,818
12:43:11,36,,45791,818
12:43:11,36,,45791,818
12:43:12,36,,45792,819
12:43:12,36,,45792,819
12:43:12,36,,45792,819
12:43:12,36,,45792,819
12:43:13,36,,45793,820
12:43:13,36,,45793,820
12:43:13,36,,45793,820
12:43:13,36,,45793,820
12:43:14,36,,45794,821
12:43:14,36,,45794,821
12:43:14,36,,45794,821
12:43:14,36,,45794,821
12:43:15,36,,45795,822
12:43:15,36,,45795,822
12:43:15,36,,45795,822
12:43:15,36,,45795,822
12:43:16,36,,45796,823
12:43:16,36,,45796,823
12:43:16,36,,45796,823
12:43:17,36,,45797,824
12:43:17,36,,45797,824
12:43:17,36,,45797,824
12:43:17,36,,45797,824
12:43:18,36,,45798,825
12:43:18,36,,45798,825
12:43:18,36,,45798,825
12:43:18,36,,45798,825
12:43:19,36,,45799,826
12:43:19,36,,45799,826
12:43:19,36,,45799,826
12:43:19,36,,45799,826
12:43:20,36,,45800,827
12:43:20,36,,45800,827
12:43:20,36,,45800,827
12:43:20,36,,45800,827
12:43:21,36,,45801,828
12:43:21,36,,45801,828
12:43:21,36,,45801,828
12:43:21,36,,45801,828
12:43:22,36,,45802,829
12:43:22,36,,45802,829
12:43:22,36,,45802,829
12:43:22,36,,45802,829
12:43:23,36,,45803,830
12:43:23,36,,45803,830
12:43:23,36,,45803,830
12:43:23,36,,45803,830
12:43:24,36,,45804,831
12:43:24,36,,45804,831
12:43:24,36,,45804,831
12:43:24,36,,45804,831
12:43:25,36,,45805,832
12:43:25,36,,45805,832
12:43:25,36,,45805,832
12:43:26,36,,45806,833
12:43:26,36,,45806,833
12:43:26,36,,45806,833
12:43:26,36,,45806,833
12:43:27,36,,45807,834
12:43:27,36,,45807,834
12:43:27,36,,45807,834
12:43:27,36,,45807,834
12:43:28,36,,45808,835
12:43:28,36,,45808,835
12:43:28,36,,45808,835
12:43:28,36,,45808,835
12:43:29,36,,45809,836
12:43:29,36,,45809,836
12:43:29,36,,45809,836
12:43:29,36,,45809,836
12:43:30,36,,45810,837
12:43:30,36,,45810,837
12:43:30,36,,45810,837
12:43:30,36,,45810,837
12:43:31,36,,45811,838
12:43:31,36,,45811,838
12:43:31,36,,45811,838
12:43:31,36,,45811,838
12:43:32,36,,45812,839
12:43:32,36,,45812,839
12:43:32,36,,45812,839
12:43:33,36,,45813,840
12:43:33,36,,45813,840
12:43:33,36,,45813,840
12:43:33,36,,45813,840
12:43:34,36,,45814,841
12:43:34,36,,45814,841
12:43:34,36,,45814,841
12:43:34,36,,45814,841
12:43:35,36,,45815,842
12:43:35,36,,45815,842
12:43:35,36,,45815,842
12:43:35,36,,45815,842
12:43:36,36,,45816,843
12:43:36,36,,45816,843
12:43:36,36,,45816,843
12:43:36,36,,45816,843
12:43:37,36,,45817,844
12:43:37,36,,45817,844
12:43:37,36,,45817,844
12:43:37,36,,45817,844
12:43:38,36,,45818,845
12:43:38,36,,45818,845
12:43:38,36,,45818,845
12:43:38,36,,45818,845
12:43:39,36,,45819,846
12:43:39,36,,45819,846
12:43:39,36,,45819,846
12:43:39,36,,45819,846
12:43:40,36,,45820,847
12:43:40,36,,45820,847
12:43:40,36,,45820,847
12:43:41,36,,45821,848
12:43:41,36,,45821,848
12:43:41,36,,45821,848
12:43:41,36,,45821,848
12:43:42,36,,45822,849
12:43:42,36,,45822,849
12:43:42,36,,45822,849
12:43:42,36,,45822,849
12:43:43,36,,45823,850
12:43:43,36,,45823,850
12:43:43,36,,45823,850
12:43:43,36,,45823,850
12:43:44,36,,45824,851
12:43:44,36,,45824,851
12:43:44,36,,45824,851
12:43:44,36,,45824,851
12:43:45,36,,45825,852
12:43:45,36,,45825,852
12:43:45,36,,45825,852
12:43:45,36,,45825,852
12:43:46,36,,45826,853
12:43:46,36,,45826,853
12:43:46,36,,45826,853
12:43:46,36,,45826,853
12:43:47,36,,45827,854
12:43:47,36,,45827,854
12:43:47,36,,45827,854
12:43:47,36,,45827,854
12:43:48,36,,45828,855
12:43:48,36,,45828,855
12:43:48,36,,45828,855
12:43:49,36,,45829,856
12:43:49,36,,45829,856
12:43:49,36,,45829,856
12:43:49,36,,45829,856
12:43:50,36,,45830,857
12:43:50,36,,45830,857
12:43:50,36,,45830,857
12:43:50,36,,45830,857
12:43:51,36,,45831,858
12:43:51,36,,45831,858
12:43:51,36,,45831,858
12:43:51,36,,45831,858
12:43:52,36,,45832,859
12:43:52,36,,45832,859
12:43:52,36,,45832,859
12:43:52,36,,45832,859
12:43:53,36,,45833,860
12:43:53,36,,45833,860
12:43:53,36,,45833,860
12:43:53,36,,45833,860
12:43:54,36,,45834,861
12:43:54,36,,45834,861
12:43:54,36,,45834,861
12:43:54,36,,45834,861
12:43:55,36,,45835,862
12:43:55,36,,45835,862
12:43:55,36,,45835,862
12:43:56,36,,45836,863
12:43:56,36,,45836,863
12:43:56,36,,45836,863
12:43:56,36,,45836,863
12:43:57,36,,45837,864
12:43:57,36,,45837,864
12:43:57,36,,45837,864
12:43:57,36,,45837,864
12:43:58,36,,45838,865
12:43:58,36,,45838,865
12:43:58,36,,45838,865
12:43:58,36,,45838,865
12:43:59,36,,45839,866
12:43:59,36,,45839,866
12:43:59,36,,45839,866
12:43:59,36,,45839,866
12:44:00,36,,45840,867
12:44:00,36,,45840,867
12:44:00,36,,45840,867
12:44:00,36,,45840,867
12:44:01,36,,45841,868
12:44:01,36,,45841,868
12:44:01,36,,45841,868
12:44:01,36,,45841,868
12:44:02,36,,45842,869
12:44:02,36,,45842,869
12:44:02,36,,45842,869
12:44:03,36,,45843,870
12:44:03,36,,45843,870
12:44:03,36,,45843,870
12:44:03,36,,45843,870
12:44:04,35,,45844,871
12:44:04,35,,45844,871
12:44:04,35,,45844,871
12:44:04,35,,45844,871
12:44:05,35,,45845,872
12:44:05,36,,45845,872
12:44:05,36,,45845,872
12:44:05,36,,45845,872
12:44:06,36,,45846,873
12:44:06,36,,45846,873
12:44:06,36,,45846,873
12:44:06,36,,45846,873
12:44:07,36,,45847,874
12:44:07,36,,45847,874
12:44:07,36,,45847,874
12:44:07,36,,45847,874
12:44:08,36,,45848,875
12:44:08,36,,45848,875
12:44:08,36,,45848,875
12:44:08,36,,45848,875
12:44:09,36,,45849,876
12:44:09,36,,45849,876
12:44:09,36,,45849,876
12:44:10,36,,45850,877
12:44:10,36,,45850,877
12:44:10,36,,45850,877
12:44:10,36,,45850,877
12:44:11,36,,45851,878
12:44:11,36,,45851,878
12:44:11,36,,45851,878
12:44:11,36,,45851,878
12:44:12,36,,45852,879
12:44:12,36,,45852,879
12:44:12,36,,45852,879
12:44:12,35,,45852,879
12:44:13,35,,45853,880
12:44:13,35,,45853,880
12:44:13,35,,45853,880
12:44:13,35,,45853,880
12:44:14,35,,45854,881
12:44:14,35,,45854,881
12:44:14,35,,45854,881
12:44:14,35,,45854,881
12:44:15,36,,45855,882
12:44:15,36,,45855,882
12:44:15,36,,45855,882
12:44:15,36,,45855,882
12:44:16,36,,45856,883
12:44:16,36,,45856,883
12:44:16,36,,45856,883
12:44:17,36,,45857,884
12:44:17,36,,45857,884
12:44:17,36,,45857,884
12:44:17,36,,45857,884
12:44:18,36,,45858,885
12:44:18,36,,45858,885
12:44:18,36,,45858,885
12:44:18,36,,45858,885
12:44:19,36,,45859,886
12:44:19,36,,45859,886
12:44:19,36,,45859,886
12:44:19,36,,45859,886
12:44:20,36,,45860,887
12:44:20,36,,45860,887
12:44:20,36,,45860,887
12:44:20,36,,45860,887
12:44:21,36,,45861,888
12:44:21,36,,45861,888
12:44:21,36,,45861,888
12:44:21,36,,45861,888
12:44:22,36,,45862,889
12:44:22,36,,45862,889
12:44:22,36,,45862,889
12:44:23,36,,45863,890
12:44:23,36,,45863,890
12:44:23,36,,45863,890
12:44:23,36,,45863,890
12:44:24,36,,45864,891
12:44:24,36,,45864,891
12:44:24,36,,45864,891
12:44:24,36,,45864,891
12:44:25,36,,45865,892
12:44:25,36,,45865,892
12:44:25,36,,45865,892
12:44:25,36,,45865,892
12:44:26,36,,45866,893
12:44:26,36,,45866,893
12:44:26,36,,45866,893
12:44:26,36,,45866,893
12:44:27,36,,45867,894
12:44:27,36,,45867,894
12:44:27,36,,45867,894
12:44:27,36,,45867,894
12:44:28,36,,45868,895
12:44:28,36,,45868,895
12:44:28,36,,45868,895
12:44:29,36,,45869,896
12:44:29,36,,45869,896
12:44:29,36,,45869,896
12:44:29,36,,45869,896
12:44:30,36,,45870,897
12:44:30,36,,45870,897
12:44:30,36,,45870,897
12:44:30,36,,45870,897
12:44:31,36,,45871,898
12:44:31,36,,45871,898
12:44:31,36,,45871,898
12:44:31,36,,45871,898
12:44:32,36,,45872,899
12:44:32,36,,45872,899
12:44:32,36,,45872,899
12:44:32,36,,45872,899
12:44:33,36,,45873,900
12:44:33,36,,45873,900
12:44:33,36,,45873,900
12:44:33,36,,45873,900
12:44:34,36,,45874,901
12:44:34,36,,45874,901
12:44:34,36,,45874,901
12:44:35,36,,45875,902
12:44:35,36,,45875,902
12:44:35,36,,45875,902
12:44:35,36,,45875,902
12:44:36,36,,45876,903
12:44:36,36,,45876,903
12:44:36,36,,45876,903
12:44:36,36,,45876,903
12:44:37,36,,45877,904
12:44:37,36,,45877,904
12:44:37,36,,45877,904
12:44:37,36,,45877,904
12:44:38,36,,45878,905
12:44:38,36,,45878,905
12:44:38,36,,45878,905
12:44:38,36,,45878,905
12:44:39,36,,45879,906
12:44:39,36,,45879,906
12:44:39,36,,45879,906
12:44:39,36,,45879,906
12:44:40,36,,45880,907
12:44:40,36,,45880,907
12:44:40,36,,45880,907
12:44:41,36,,45881,908
12:44:41,36,,45881,908
12:44:41,36,,45881,908
12:44:41,36,,45881,908
12:44:42,36,,45882,909
12:44:42,36,,45882,909
12:44:42,36,,45882,909
12:44:42,36,,45882,909
12:44:43,36,,45883,910
12:44:43,36,,45883,910
12:44:43,36,,45883,910
12:44:43,36,,45883,910
12:44:44,36,,45884,911
12:44:44,36,,45884,911
12:44:44,36,,45884,911
12:44:44,36,,45884,911
12:44:45,36,,45885,912
12:44:45,36,,45885,912
12:44:45,36,,45885,912
12:44:45,36,,45885,912
12:44:46,36,,45886,913
12:44:46,36,,45886,913
12:44:46,36,,45886,913
12:44:46,36,,45886,913
12:44:47,36,,45887,914
12:44:47,36,,45887,914
12:44:47,36,,45887,914
12:44:47,36,,45887,914
12:44:48,36,,45888,915
12:44:48,36,,45888,915
12:44:48,36,,45888,915
12:44:49,36,,45889,916
12:44:49,36,,45889,916
12:44:49,36,,45889,916
12:44:49,36,,45889,916
12:44:50,36,,45890,917
12:44:50,36,,45890,917
12:44:50,36,,45890,917
12:44:50,36,,45890,917
12:44:51,36,,45891,918
12:44:51,36,,45891,918
12:44:51,36,,45891,918
12:44:51,36,,45891,918
12:44:52,36,,45892,919
12:44:52,36,,45892,919
12:44:52,36,,45892,919
12:44:52,36,,45892,919
12:44:53,36,,45893,920
12:44:53,36,,45893,920
12:44:53,36,,45893,920
12:44:54,36,,45894,921
12:44:54,36,,45894,921
12:44:54,36,,45894,921
12:44:54,36,,45894,921
12:44:55,36,,45895,922
12:44:55,36,,45895,922
12:44:55,36,,45895,922
12:44:55,36,,45895,922
12:44:56,36,,45896,923
12:44:56,36,,45896,923
12:44:56,36,,45896,923
12:44:56,36,,45896,923
12:44:57,36,,45897,924
12:44:57,36,,45897,924
12:44:57,36,,45897,924
12:44:57,36,,45897,924
12:44:58,36,,45898,925
12:44:58,36,,45898,925
12:44:58,36,,45898,925
12:44:58,36,,45898,925
12:44:59,36,,45899,926
12:44:59,36,,45899,926
12:44:59,36,,45899,926
12:44:59,36,,45899,926
12:45:00,36,,45900,927
12:45:00,36,,45900,927
12:45:00,36,,45900,927
12:45:01,36,,45901,928
12:45:01,36,,45901,928
12:45:01,36,,45901,928
12:45:01,36,,45901,928
12:45:02,36,,45902,929
12:45:02,36,,45902,929
12:45:02,36,,45902,929
12:45:02,36,,45902,929
12:45:03,36,,45903,930
12:45:03,36,,45903,930
12:45:03,36,,45903,930
12:45:03,36,,45903,930
12:45:04,36,,45904,931
12:45:04,36,,45904,931
12:45:04,36,,45904,931
12:45:04,36,,45904,931
12:45:05,36,,45905,932
12:45:05,36,,45905,932
12:45:05,36,,45905,932
12:45:05,36,,45905,932
12:45:06,36,,45906,933
12:45:06,36,,45906,933
12:45:06,36,,45906,933
12:45:07,36,,45907,934
12:45:07,36,,45907,934
12:45:07,36,,45907,934
12:45:07,36,,45907,934
12:45:08,36,,45908,935
12:45:08,36,,45908,935
12:45:08,36,,45908,935
12:45:08,36,,45908,935
12:45:09,36,,45909,936
12:45:09,36,,45909,936
12:45:09,36,,45909,936
12:45:09,36,,45909,936
12:45:10,36,,45910,937
12:45:10,36,,45910,937
12:45:10,36,,45910,937
12:45:10,36,,45910,937
12:45:11,36,,45911,938
12:45:11,36,,45911,938
12:45:11,36,,45911,938
12:45:12,36,,45912,939
12:45:12,36,,45912,939
12:45:12,36,,45912,939
12:45:12,36,,45912,939
12:45:13,36,,45913,940
12:45:13,36,,45913,940
12:45:13,36,,45913,940
12:45:13,36,,45913,940
12:45:14,36,,45914,941
12:45:14,36,,45914,941
12:45:14,36,,45914,941
12:45:14,36,,45914,941
12:45:15,36,,45915,942
12:45:15,36,,45915,942
12:45:15,36,,45915,942
12:45:15,36,,45915,942
12:45:16,36,,45916,943
12:45:16,36,,45916,943
12:45:16,36,,45916,943
12:45:16,36,,45916,943
12:45:17,36,,45917,944
12:45:17,36,,45917,944
12:45:17,36,,45917,944
12:45:17,36,,45917,944
12:45:18,36,,45918,945
12:45:18,36,,45918,945
12:45:18,36,,45918,945
12:45:19,36,,45919,946
12:45:19,36,,45919,946
12:45:19,36,,45919,946
12:45:19,36,,45919,946
12:45:20,36,,45920,947
12:45:20,36,,45920,947
12:45:20,36,,45920,947
12:45:20,36,,45920,947
12:45:21,36,,45921,948
12:45:21,36,,45921,948
12:45:21,36,,45921,948
12:45:21,36,,45921,948
12:45:22,36,,45922,949
12:45:22,36,,45922,949
12:45:22,36,,45922,949
12:45:22,36,,45922,949
12:45:23,36,,45923,950
12:45:23,36,,45923,950
12:45:23,36,,45923,950
12:45:23,36,,45923,950
12:45:24,36,,45924,951
12:45:24,36,,45924,951
12:45:24,36,,45924,951
12:45:24,36,,45924,951
12:45:25,36,,45925,952
12:45:25,36,,45925,952
12:45:25,36,,45925,952
12:45:25,36,,45925,952
12:45:26,36,,45926,953
12:45:26,36,,45926,953
12:45:26,36,,45926,953
12:45:26,36,,45926,953
12:45:27,36,,45927,954
12:45:27,36,,45927,954
12:45:27,36,,45927,954
12:45:28,36,,45928,955
12:45:28,36,,45928,955
12:45:28,36,,45928,955
12:45:28,36,,45928,955
12:45:29,36,,45929,956
12:45:29,36,,45929,956
12:45:29,36,,45929,956
12:45:29,36,,45929,956
12:45:30,36,,45930,957
12:45:30,36,,45930,957
12:45:30,36,,45930,957
12:45:30,36,,45930,957
12:45:31,36,,45931,958
12:45:31,36,,45931,958
12:45:31,36,,45931,958
12:45:31,36,,45931,958
12:45:32,36,,45932,959
12:45:32,36,,45932,959
12:45:32,36,,45932,959
12:45:32,36,,45932,959
12:45:33,36,,45933,960
12:45:33,36,,45933,960
12:45:33,36,,45933,960
12:45:33,36,,45933,960
12:45:34,36,,45934,961
12:45:34,36,,45934,961
12:45:34,36,,45934,961
12:45:34,36,,45934,961
12:45:35,36,,45935,962
12:45:35,36,,45935,962
12:45:35,36,,45935,962
12:45:35,36,,45935,962
12:45:36,36,,45936,963
12:45:36,36,,45936,963
12:45:36,36,,45936,963
12:45:36,36,,45936,963
12:45:37,36,,45937,964
12:45:37,36,,45937,964
12:45:37,36,,45937,964
12:45:38,36,,45938,965
12:45:38,36,,45938,965
12:45:38,36,,45938,965
12:45:38,36,,45938,965
12:45:39,36,,45939,966
12:45:39,36,,45939,966
12:45:39,36,,45939,966
12:45:39,36,,45939,966
12:45:40,36,,45940,967
12:45:40,36,,45940,967
12:45:40,36,,45940,967
12:45:40,36,,45940,967
12:45:41,36,,45941,968
12:45:41,36,,45941,968
12:45:41,36,,45941,968
12:45:41,36,,45941,968
12:45:42,36,,45942,969
12:45:42,36,,45942,969
12:45:42,36,,45942,969
12:45:42,36,,45942,969
12:45:43,36,,45943,970
12:45:43,36,,45943,970
12:45:43,36,,45943,970
12:45:44,36,,45944,971
12:45:44,36,,45944,971
12:45:44,36,,45944,971
12:45:44,36,,45944,971
12:45:45,36,,45945,972
12:45:45,36,,45945,972
12:45:45,36,,45945,972
12:45:45,36,,45945,972
12:45:46,36,,45946,973
12:45:46,36,,45946,973
12:45:46,36,,45946,973
12:45:46,36,,45946,973
12:45:47,36,,45947,974
12:45:47,36,,45947,974
12:45:47,36,,45947,974
12:45:47,36,,45947,974
12:45:48,36,,45948,975
12:45:48,36,,45948,975
12:45:48,36,,45948,975
12:45:48,36,,45948,975
12:45:49,36,,45949,976
12:45:49,36,,45949,976
12:45:49,36,,45949,976
12:45:50,36,,45950,977
12:45:50,36,,45950,977
12:45:50,36,,45950,977
12:45:50,36,,45950,977
12:45:51,36,,45951,978
12:45:51,36,,45951,978
12:45:51,36,,45951,978
12:45:51,36,,45951,978
12:45:52,36,,45952,979
12:45:52,36,,45952,979
12:45:52,36,,45952,979
12:45:52,36,,45952,979
12:45:53,36,,45953,980
12:45:53,36,,45953,980
12:45:53,36,,45953,980
12:45:53,36,,45953,980
12:45:54,36,,45954,981
12:45:54,36,,45954,981
12:45:54,36,,45954,981
12:45:54,36,,45954,981
12:45:55,36,,45955,982
12:45:55,36,,45955,982
12:45:55,36,,45955,982
12:45:55,36,,45955,982
12:45:56,36,,45956,983
12:45:56,36,,45956,983
12:45:56,36,,45956,983
12:45:57,36,,45957,984
12:45:57,36,,45957,984
12:45:57,36,,45957,984
12:45:57,36,,45957,984
12:45:58,36,,45958,985
12:45:58,36,,45958,985
12:45:58,36,,45958,985
12:45:58,36,,45958,985
12:45:59,36,,45959,986
12:45:59,36,,45959,986
12:45:59,36,,45959,986
12:45:59,36,,45959,986
12:46:00,36,,45960,987
12:46:00,36,,45960,987
12:46:00,36,,45960,987
12:46:00,36,,45960,987
12:46:01,36,,45961,988
12:46:01,36,,45961,988
12:46:01,36,,45961,988
12:46:01,36,,45961,988
12:46:02,36,,45962,989
12:46:02,36,,45962,989
12:46:02,36,,45962,989
12:46:03,36,,45963,990
12:46:03,36,,45963,990
12:46:03,36,,45963,990
12:46:03,36,,45963,990
12:46:04,36,,45964,991
12:46:04,36,,45964,991
12:46:04,36,,45964,991
12:46:04,36,,45964,991
12:46:05,36,,45965,992
12:46:05,36,,45965,992
12:46:05,36,,45965,992
12:46:05,36,,45965,992
12:46:06,36,,45966,993
12:46:06,36,,45966,993
12:46:06,36,,45966,993
12:46:06,36,,45966,993
12:46:07,36,,45967,994
12:46:07,36,,45967,994
12:46:07,36,,45967,994
12:46:07,36,,45967,994
12:46:08,36,,45968,995
12:46:08,36,,45968,995
12:46:08,36,,45968,995
12:46:09,36,,45969,996
12:46:09,36,,45969,996
12:46:09,36,,45969,996
12:46:09,36,,45969,996
12:46:10,36,,45970,997
12:46:10,36,,45970,997
12:46:10,36,,45970,997
12:46:10,36,,45970,997
12:46:11,36,,45971,998
12:46:11,36,,45971,998
12:46:11,36,,45971,998
12:46:11,36,,45971,998
12:46:12,36,,45972,999
12:46:12,36,,45972,999
12:46:12,36,,45972,999
12:46:12,36,,45972,999
12:46:13,36,,45973,1000
12:46:13,36,,45973,1000
12:46:13,36,,45973,1000
12:46:13,36,,45973,1000
12:46:14,36,,45974,1001
12:46:14,36,,45974,1001
12:46:14,36,,45974,1001
12:46:14,36,,45974,1001
12:46:15,36,,45975,1002
12:46:15,36,,45975,1002
12:46:15,36,,45975,1002
12:46:16,36,,45976,1003
12:46:16,36,,45976,1003
12:46:16,36,,45976,1003
12:46:16,36,,45976,1003
12:46:17,36,,45977,1004
12:46:17,36,,45977,1004
12:46:17,36,,45977,1004
12:46:17,36,,45977,1004
12:46:18,36,,45978,1005
12:46:18,36,,45978,1005
12:46:18,36,,45978,1005
12:46:18,36,,45978,1005
12:46:19,36,,45979,1006
12:46:19,36,,45979,1006
12:46:19,36,,45979,1006
12:46:19,36,,45979,1006
12:46:20,36,,45980,1007
12:46:20,36,,45980,1007
12:46:20,36,,45980,1007
12:46:20,36,,45980,1007
12:46:21,36,,45981,1008
12:46:21,36,,45981,1008
12:46:21,36,,45981,1008
12:46:21,36,,45981,1008
12:46:22,36,,45982,1009
12:46:22,36,,45982,1009
12:46:22,36,,45982,1009
12:46:22,36,,45982,1009
12:46:23,36,,45983,1010
12:46:23,36,,45983,1010
12:46:23,36,,45983,1010
12:46:24,36,,45984,1011
12:46:24,36,,45984,1011
12:46:24,36,,45984,1011
12:46:24,36,,45984,1011
12:46:25,36,,45985,1012
12:46:25,36,,45985,1012
12:46:25,36,,45985,1012
12:46:25,36,,45985,1012
12:46:26,36,,45986,1013
12:46:26,36,,45986,1013
12:46:26,36,,45986,1013
12:46:26,36,,45986,1013
12:46:27,36,,45987,1014
12:46:27,36,,45987,1014
12:46:27,36,,45987,1014
12:46:27,36,,45987,1014
12:46:28,36,,45988,1015
12:46:28,36,,45988,1015
12:46:28,36,,45988,1015
12:46:28,36,,45988,1015
12:46:29,36,,45989,1016
12:46:29,36,,45989,1016
12:46:29,36,,45989,1016
12:46:29,36,,45989,1016
12:46:30,36,,45990,1017
12:46:30,36,,45990,1017
12:46:30,36,,45990,1017
12:46:31,36,,45991,1018
12:46:31,36,,45991,1018
12:46:31,36,,45991,1018
12:46:31,36,,45991,1018
12:46:32,36,,45992,1019
12:46:32,36,,45992,1019
12:46:32,36,,45992,1019
12:46:32,36,,45992,1019
12:46:33,36,,45993,1020
12:46:33,36,,45993,1020
12:46:33,36,,45993,1020
12:46:33,36,,45993,1020
12:46:34,36,,45994,1021
12:46:34,36,,45994,1021
12:46:34,36,,45994,1021
12:46:34,36,,45994,1021
12:46:35,36,,45995,1022
12:46:35,36,,45995,1022
12:46:35,36,,45995,1022
12:46:35,36,,45995,1022
12:46:36,36,,45996,1023
12:46:36,36,,45996,1023
12:46:36,36,,45996,1023
12:46:36,36,,45996,1023
12:46:37,36,,45997,1024
12:46:37,36,,45997,1024
12:46:37,36,,45997,1024
12:46:38,36,,45998,1025
12:46:38,36,,45998,1025
12:46:38,36,,45998,1025
12:46:38,36,,45998,1025
12:46:39,36,,45999,1026
12:46:39,36,,45999,1026
12:46:39,36,,45999,1026
12:46:39,36,,45999,1026
12:46:40,36,,46000,1027
12:46:40,36,,46000,1027
12:46:40,36,,46000,1027
12:46:40,36,,46000,1027
12:46:41,36,,46001,1028
12:46:41,36,,46001,1028
12:46:41,36,,46001,1028
12:46:41,36,,46001,1028
12:46:42,36,,46002,1029
12:46:42,36,,46002,1029
12:46:42,36,,46002,1029
12:46:42,36,,46002,1029
12:46:43,36,,46003,1030
12:46:43,36,,46003,1030
12:46:43,36,,46003,1030
12:46:43,36,,46003,1030
12:46:44,36,,46004,1031
12:46:44,36,,46004,1031
12:46:44,36,,46004,1031
12:46:44,36,,46004,1031
12:46:45,36,,46005,1032
12:46:45,36,,46005,1032
12:46:45,36,,46005,1032
12:46:46,36,,46006,1033
12:46:46,36,,46006,1033
12:46:46,36,,46006,1033
12:46:46,36,,46006,1033
12:46:47,36,,46007,1034
12:46:47,36,,46007,1034
12:46:47,36,,46007,1034
12:46:47,36,,46007,1034
12:46:48,36,,46008,1035
12:46:48,36,,46008,1035
12:46:48,36,,46008,1035
12:46:48,36,,46008,1035
12:46:49,36,,46009,1036
12:46:49,36,,46009,1036
12:46:49,36,,46009,1036
12:46:49,36,,46009,1036
12:46:50,36,,46010,1037
12:46:50,36,,46010,1037
12:46:50,36,,46010,1037
12:46:50,36,,46010,1037
12:46:51,36,,46011,1038
12:46:51,36,,46011,1038
12:46:51,36,,46011,1038
12:46:51,36,,46011,1038
12:46:52,36,,46012,1039
12:46:52,36,,46012,1039
12:46:52,36,,46012,1039
12:46:53,36,,46013,1040
12:46:53,36,,46013,1040
12:46:53,36,,46013,1040
12:46:53,36,,46013,1040
12:46:54,36,,46014,1041
12:46:54,36,,46014,1041
12:46:54,36,,46014,1041
12:46:54,36,,46014,1041
12:46:55,36,,46015,1042
12:46:55,36,,46015,1042
12:46:55,36,,46015,1042
12:46:55,36,,46015,1042
12:46:56,36,,46016,1043
12:46:56,36,,46016,1043
12:46:56,36,,46016,1043
12:46:56,36,,46016,1043
12:46:57,36,,46017,1044
12:46:57,36,,46017,1044
12:46:57,36,,46017,1044
12:46:57,36,,46017,1044
12:46:58,36,,46018,1045
12:46:58,36,,46018,1045
12:46:58,36,,46018,1045
12:46:58,36,,46018,1045
12:46:59,36,,46019,1046
12:46:59,36,,46019,1046
12:46:59,36,,46019,1046
12:46:59,36,,46019,1046
12:47:00,36,,46020,1047
12:47:00,36,,46020,1047
12:47:00,36,,46020,1047
12:47:01,36,,46021,1048
12:47:01,36,,46021,1048
12:47:01,36,,46021,1048
12:47:01,36,,46021,1048
12:47:02,36,,46022,1049
12:47:02,36,,46022,1049
12:47:02,36,,46022,1049
12:47:02,36,,46022,1049
12:47:03,36,,46023,1050
12:47:03,36,,46023,1050
12:47:03,36,,46023,1050
12:47:03,36,,46023,1050
12:47:04,36,,46024,1051
12:47:04,36,,46024,1051
12:47:04,36,,46024,1051
12:47:04,36,,46024,1051
12:47:05,36,,46025,1052
12:47:05,36,,46025,1052
12:47:05,36,,46025,1052
12:47:05,36,,46025,1052
12:47:06,36,,46026,1053
12:47:06,36,,46026,1053
12:47:06,36,,46026,1053
12:47:06,36,,46026,1053
12:47:07,36,,46027,1054
12:47:07,36,,46027,1054
12:47:07,36,,46027,1054
12:47:08,36,,46028,1055
12:47:08,36,,46028,1055
12:47:08,36,,46028,1055
12:47:08,36,,46028,1055
12:47:09,36,,46029,1056
12:47:09,36,,46029,1056
12:47:09,36,,46029,1056
12:47:09,36,,46029,1056
12:47:10,36,,46030,1057
12:47:10,36,,46030,1057
12:47:10,36,,46030,1057
12:47:10,36,,46030,1057
12:47:11,36,,46031,1058
12:47:11,36,,46031,1058
12:47:11,36,,46031,1058
12:47:11,36,,46031,1058
12:47:12,36,,46032,1059
12:47:12,36,,46032,1059
12:47:12,36,,46032,1059
12:47:12,36,,46032,1059
12:47:13,36,,46033,1060
12:47:13,36,,46033,1060
12:47:13,36,,46033,1060
12:47:14,36,,46034,1061
12:47:14,36,,46034,1061
12:47:14,36,,46034,1061
12:47:14,36,,46034,1061
12:47:15,36,,46035,1062
12:47:15,36,,46035,1062
12:04,,,,
